timestamp,state,concentration,mellow,gamma_activity,alpha,beta,theta,delta,gamma,signal_quality,gyro_y,gyro_z,acc_x,acc_y,acc_z,blink,jaw_clench,nod,shake,robot_action,room_index,room_title,escape_room_name,module_type,temi_speaking
1779969106138,NEUTRAL,0.2497931,0.25899997,0.22126552,0.21719326,0.20304716,0.28478178,0.49049884,0.1730027,1.5,-4.3440247,-1.2785339,0.06567383,0.04650879,1.0085449,1,1,0,0,"Neutral — sin seguimiento",1,"Nave en Deriva","Aventura Espacial",CalmModule,0
1779969106384,NEUTRAL,0.24786396,0.25532764,0.22101277,0.1963086,0.19305505,0.2697191,0.50084805,0.17356864,1.5,-1.3832092,7.005768,0.06958008,0.040283203,1.019104,0,0,0,0,"Neutral — sin seguimiento",1,"Nave en Deriva","Aventura Espacial",CalmModule,0
1779969106634,NEUTRAL,0.24631725,0.25262505,0.22206847,0.19255173,0.19168358,0.25607967,0.5122132,0.17641622,1.5,-4.1870117,-2.0187378,0.049865723,0.064819336,1.0076904,1,0,0,0,"Neutral — sin seguimiento",1,"Nave en Deriva","Aventura Espacial",CalmModule,0
1779969106884,NEUTRAL,0.24439831,0.2499196,0.22406888,0.19255173,0.19168358,0.25607967,0.5122132,0.17641622,1.5,-6.2356567,-1.7196655,0.081970215,0.097595215,1.0048828,0,0,0,0,"Neutral — sin seguimiento",1,"Nave en Deriva","Aventura Espacial",CalmModule,0
1779969107135,NEUTRAL,0.24278314,0.24809492,0.22610943,0.19255173,0.19168358,0.25607967,0.5122132,0.17641622,1.5,-4.1870117,3.7234497,0.13690186,0.043395996,1.0045166,0,0,0,0,"Neutral — sin seguimiento",1,"Nave en Deriva","Aventura Espacial",CalmModule,1
1779969107384,NEUTRAL,0.24137332,0.246197,0.22801629,0.19255173,0.19168358,0.25607967,0.5122132,0.17641622,1.5,3.4468079,-5.3533936,0.06365967,0.08770752,1.0397339,1,0,0,0,"Neutral — sin seguimiento",1,"Nave en Deriva","Aventura Espacial",CalmModule,1
1779969107635,NEUTRAL,0.24134415,0.24458446,0.22923215,0.19255173,0.19168358,0.25607967,0.5122132,0.17641622,1.5,-0.5308533,4.6655273,0.062561035,0.079589844,0.98272705,0,0,0,0,"Neutral — sin seguimiento",1,"Nave en Deriva","Aventura Espacial",CalmModule,1
1779969107884,NEUTRAL,0.24142063,0.24356687,0.2304642,0.19255173,0.19168358,0.25607967,0.5122132,0.17641622,1.5,1.3607788,-5.0842285,0.032104492,0.107299805,1.026001,0,0,0,0,"Neutral — sin seguimiento",1,"Nave en Deriva","Aventura Espacial",CalmModule,1
1779969108135,NEUTRAL,0.24158344,0.2436904,0.23146592,0.19255173,0.19168358,0.25607967,0.5122132,0.17641622,1.5,28.591309,2.594452,-0.09033203,0.14868164,1.0140991,0,0,0,0,"Neutral — sin seguimiento",1,"Nave en Deriva","Aventura Espacial",CalmModule,1
1779969108385,NEUTRAL,0.24442255,0.24721892,0.231379,0.23242542,0.20903951,0.13582173,0.48307803,0.12867297,1.5,10.983429,-10.30304,-0.13659668,0.06915283,0.96325684,1,0,0,0,"Neutral — sin seguimiento",1,"Nave en Deriva","Aventura Espacial",CalmModule,1
1779969108634,NEUTRAL,0.24621378,0.25139338,0.2306038,0.25130367,0.20078912,0.16531728,0.50454617,0.12411177,1.5,5.3982544,-5.988922,-0.1776123,0.1239624,1.0842896,0,0,0,0,"Neutral — sin seguimiento",1,"Nave en Deriva","Aventura Espacial",CalmModule,1
1779969108885,NEUTRAL,0.2451466,0.2544459,0.22758137,0.2710582,0.1965846,0.3083695,0.3714825,0.13562383,2.0,6.8637085,-77.2728,-0.22149658,0.03845215,0.9751587,0,1,0,0,"Neutral — sin seguimiento",1,"Nave en Deriva","Aventura Espacial",CalmModule,1
1779969109134,NEUTRAL,0.24390796,0.25745943,0.22416884,0.2710582,0.1965846,0.3083695,0.3714825,0.13562383,2.0,-13.55545,-11.417084,-0.0927124,-0.037231445,1.0037842,0,1,0,0,"Neutral — sin seguimiento",1,"Nave en Deriva","Aventura Espacial",CalmModule,1
1779969109385,NEUTRAL,0.24266931,0.26047292,0.22075632,0.2710582,0.1965846,0.3083695,0.3714825,0.13562383,2.0,-6.886139,65.72113,-0.12792969,-0.030273438,0.99645996,0,1,0,1,"Neutral — sin seguimiento",1,"Nave en Deriva","Aventura Espacial",CalmModule,1
1779969109634,NEUTRAL,0.24130747,0.26346192,0.21737908,0.2710582,0.19464155,0.3103988,0.37531722,0.13678062,2.0,-9.80957,42.528076,-0.1473999,0.0848999,0.9967041,0,1,0,0,"Neutral — sin seguimiento",1,"Nave en Deriva","Aventura Espacial",CalmModule,1
1779969109884,NEUTRAL,0.23924746,0.26621476,0.21362618,0.2710582,0.18495229,0.33282766,0.3959451,0.13232873,2.0,-15.357361,3.6187744,-0.062927246,0.20831299,0.99890137,0,1,0,0,"Neutral — sin seguimiento",1,"Nave en Deriva","Aventura Espacial",CalmModule,1
1779969110135,NEUTRAL,0.23718745,0.26896763,0.20987326,0.2710582,0.18495229,0.33282766,0.3959451,0.13232873,2.5,-19.297638,-11.304932,-0.031982422,0.19226074,1.0097656,0,0,0,0,"Neutral — sin seguimiento",1,"Nave en Deriva","Aventura Espacial",CalmModule,1
1779969110384,NEUTRAL,0.23512743,0.2717205,0.20612036,0.2710582,0.18495229,0.33282766,0.3959451,0.13232873,2.5,-23.686523,-20.404205,0.103637695,0.11212158,0.9972534,1,0,0,0,"Neutral — sin seguimiento",1,"Nave en Deriva","Aventura Espacial",CalmModule,1
1779969110634,NEUTRAL,0.23306742,0.27447337,0.20236745,0.2710582,0.18495229,0.33282766,0.3959451,0.13232873,2.0,-0.25421143,-8.8974,0.17584229,-0.037353516,0.9849243,0,0,0,0,"Neutral — sin seguimiento",1,"Nave en Deriva","Aventura Espacial",CalmModule,1
1779969110884,NEUTRAL,0.22843564,0.2732202,0.19973348,0.2710582,0.18495229,0.33282766,0.3959451,0.13232873,2.5,-1.5776062,2.9682922,0.15179443,-0.050476074,1.0053711,1,0,0,0,"Neutral — sin seguimiento",1,"Nave en Deriva","Aventura Espacial",CalmModule,1
1779969111134,NEUTRAL,0.22485176,0.27132112,0.1977878,0.2710582,0.18495229,0.33282766,0.3959451,0.13232873,2.5,-9.891815,-5.869293,0.18823242,-0.041809082,0.98010254,0,0,0,0,"Neutral — sin seguimiento",1,"Nave en Deriva","Aventura Espacial",CalmModule,1
1779969111384,NEUTRAL,0.22403039,0.27106047,0.19744742,0.2710582,0.18495229,0.33282766,0.3959451,0.13232873,2.5,-4.142151,2.1009827,0.17382812,-0.03289795,0.993103,0,0,0,0,"Neutral — sin seguimiento",1,"Nave en Deriva","Aventura Espacial",CalmModule,1
1779969111634,NEUTRAL,0.22320902,0.27079982,0.19710703,0.2710582,0.18495229,0.33282766,0.3959451,0.13232873,2.5,-2.3103333,22.138824,0.22393799,-0.034606934,0.9519043,1,0,0,0,"Neutral — sin seguimiento",1,"Nave en Deriva","Aventura Espacial",CalmModule,1
1779969111890,NEUTRAL,0.22238766,0.2705392,0.19676664,0.2710582,0.18495229,0.33282766,0.3959451,0.13232873,2.5,-15.29007,22.677155,0.18737793,0.08630371,0.9829712,0,0,0,0,"Neutral — sin seguimiento",1,"Nave en Deriva","Aventura Espacial",CalmModule,1
1779969112134,NEUTRAL,0.22168948,0.27030307,0.19639097,0.2710582,0.18495229,0.33282766,0.3959451,0.13232873,2.5,-40.068207,8.658142,0.39624023,0.117004395,0.9210205,1,0,0,0,"Neutral — sin seguimiento",1,"Nave en Deriva","Aventura Espacial",CalmModule,1
1779969112384,NEUTRAL,0.22168948,0.27030307,0.19639097,0.2710582,0.18495229,0.33282766,0.3959451,0.13232873,2.5,14.5199585,3.5664368,0.43225098,0.054382324,0.9312744,0,0,0,0,"Neutral — sin seguimiento",1,"Nave en Deriva","Aventura Espacial",CalmModule,1
1779969112635,NEUTRAL,0.22168948,0.27030307,0.19639097,0.2710582,0.18495229,0.33282766,0.3959451,0.13232873,2.5,-0.9121704,4.4187927,0.41271973,0.101379395,0.92285156,0,0,0,0,"Neutral — sin seguimiento",1,"Nave en Deriva","Aventura Espacial",CalmModule,1
1779969112885,NEUTRAL,0.22168948,0.27030307,0.19639097,0.2710582,0.18495229,0.33282766,0.3959451,0.13232873,2.5,-3.6935425,-1.4654541,0.37945557,0.08074951,0.9439697,1,0,0,0,"Neutral — sin seguimiento",1,"Nave en Deriva","Aventura Espacial",CalmModule,1
1779969113134,NEUTRAL,0.22168948,0.27030307,0.19639097,0.2710582,0.18495229,0.33282766,0.3959451,0.13232873,2.5,-2.8486633,-0.13458252,0.3928833,0.06500244,0.91101074,0,0,0,0,"Neutral — sin seguimiento",1,"Nave en Deriva","Aventura Espacial",CalmModule,1
1779969113384,NEUTRAL,0.22168948,0.27030307,0.19639097,0.2710582,0.18495229,0.33282766,0.3959451,0.13232873,2.0,-3.5514832,-2.8860474,0.38690186,0.06365967,0.93133545,0,0,0,0,"Neutral — sin seguimiento",1,"Nave en Deriva","Aventura Espacial",CalmModule,1
1779969113635,NEUTRAL,0.22168948,0.27030307,0.19639097,0.2710582,0.18495229,0.33282766,0.3959451,0.13232873,2.5,-3.5440063,5.301056,0.43621826,0.09655762,0.9550171,1,0,0,0,"Neutral — sin seguimiento",1,"Nave en Deriva","Aventura Espacial",CalmModule,1
1779969113885,NEUTRAL,0.22168948,0.27030307,0.19639097,0.2710582,0.18495229,0.33282766,0.3959451,0.13232873,2.5,-4.874878,3.6486816,0.4179077,0.05206299,0.9111328,0,0,0,0,"Neutral — sin seguimiento",1,"Nave en Deriva","Aventura Espacial",CalmModule,1
1779969114134,NEUTRAL,0.22168948,0.27030307,0.19639097,0.2710582,0.18495229,0.33282766,0.3959451,0.13232873,2.5,11.013336,-3.8505554,0.4055786,0.0803833,0.9637451,0,1,0,0,"Neutral — sin seguimiento",1,"Nave en Deriva","Aventura Espacial",CalmModule,1
1779969114384,NEUTRAL,0.22168948,0.27030307,0.19639097,0.2710582,0.18495229,0.33282766,0.3959451,0.13232873,3.25,6.5571594,3.902893,0.3704834,0.08831787,0.9215698,0,1,0,0,"Neutral — sin seguimiento",1,"Nave en Deriva","Aventura Espacial",CalmModule,1
1779969114650,NEUTRAL,0.22168948,0.27030307,0.19639097,0.2710582,0.18495229,0.33282766,0.3959451,0.13232873,2.75,1.4729309,-4.6131897,0.32159424,0.047424316,0.9529419,0,0,0,0,"Neutral — sin seguimiento",1,"Nave en Deriva","Aventura Espacial",CalmModule,1
1779969114884,NEUTRAL,0.22168948,0.27030307,0.19639097,0.2710582,0.18495229,0.33282766,0.3959451,0.13232873,2.75,5.5552673,-5.7720947,0.34466553,0.06640625,0.93481445,0,1,0,0,"Neutral — sin seguimiento",1,"Nave en Deriva","Aventura Espacial",CalmModule,1
1779969115135,NEUTRAL,0.22168948,0.27030307,0.19639097,0.2710582,0.18495229,0.33282766,0.3959451,0.13232873,2.5,7.880554,-6.8711853,0.31463623,0.114868164,0.9273071,0,1,0,0,"Neutral — sin seguimiento",1,"Nave en Deriva","Aventura Espacial",CalmModule,1
1779969115385,NEUTRAL,0.22168948,0.27030307,0.19639097,0.2710582,0.18495229,0.33282766,0.3959451,0.13232873,2.5,39.514923,-14.176025,0.2189331,0.1027832,0.9851074,0,0,0,0,"Neutral — sin seguimiento",1,"Nave en Deriva","Aventura Espacial",CalmModule,1
1779969115634,NEUTRAL,0.22168948,0.27030307,0.19639097,0.2710582,0.18495229,0.33282766,0.3959451,0.13232873,2.0,30.288544,2.6243591,0.05999756,0.10406494,0.9315796,0,0,0,0,"Neutral — sin seguimiento",1,"Nave en Deriva","Aventura Espacial",CalmModule,1
1779969115885,NEUTRAL,0.22168948,0.27030307,0.19639097,0.2710582,0.18495229,0.33282766,0.3959451,0.13232873,1.5,13.405914,-9.62265,-0.18597412,0.077941895,0.9915161,0,0,0,0,"Neutral — sin seguimiento",1,"Nave en Deriva","Aventura Espacial",CalmModule,1
1779969116135,NEUTRAL,0.22168948,0.27030307,0.19639097,0.2710582,0.18495229,0.33282766,0.3959451,0.13232873,2.5,-0.50842285,-0.7626343,-0.13641357,0.08959961,1.0143433,1,0,0,0,"Neutral — sin seguimiento",1,"Nave en Deriva","Aventura Espacial",CalmModule,1
1779969116385,NEUTRAL,0.22168948,0.27030307,0.19639097,0.2710582,0.18495229,0.33282766,0.3959451,0.13232873,2.5,11.23764,-2.2280884,-0.14105225,0.055725098,0.9767456,0,0,0,0,"Neutral — sin seguimiento",1,"Nave en Deriva","Aventura Espacial",CalmModule,1
1779969116635,NEUTRAL,0.22168948,0.27030307,0.19639097,0.2710582,0.18495229,0.33282766,0.3959451,0.13232873,2.5,-5.8618164,2.355194,-0.24975586,0.0869751,0.9967041,1,0,0,0,"Neutral — sin seguimiento",1,"Nave en Deriva","Aventura Espacial",CalmModule,1
1779969116885,NEUTRAL,0.22168948,0.27030307,0.19639097,0.2710582,0.18495229,0.33282766,0.3959451,0.13232873,2.5,-5.0094604,-0.71029663,-0.17480469,0.04827881,0.99816895,0,0,0,0,"Neutral — sin seguimiento",1,"Nave en Deriva","Aventura Espacial",CalmModule,0
1779969117136,NEUTRAL,0.2230985,0.27040428,0.20023209,0.21616733,0.15519942,0.19448614,0.36446613,0.15339501,2.5,-6.848755,-5.719757,-0.19519043,0.07318115,1.0089111,0,0,0,0,"Neutral — sin seguimiento",1,"Nave en Deriva","Aventura Espacial",CalmModule,0
1779969117385,NEUTRAL,0.22511649,0.271333,0.20367905,0.22284165,0.15990074,0.17021018,0.34370357,0.13966963,2.0,-4.2019653,-1.8243408,-0.16809082,0.040405273,0.9945679,0,0,0,0,"Neutral — sin seguimiento",1,"Nave en Deriva","Aventura Espacial",CalmModule,0
1779969117634,NEUTRAL,0.22844706,0.27324212,0.20612235,0.23183015,0.17687216,0.14101344,0.34010327,0.114386685,1.5,-4.179535,-0.12710571,-0.15783691,0.05609131,0.99365234,0,0,0,0,"Neutral — sin seguimiento",1,"Nave en Deriva","Aventura Espacial",CalmModule,0
1779969117885,NEUTRAL,0.23224278,0.27609187,0.2078201,0.24992938,0.18893084,0.13283435,0.34800053,0.103678145,2.0,-3.9328003,0.83740234,-0.1696167,0.06994629,0.993103,0,0,0,0,"Neutral — sin seguimiento",1,"Nave en Deriva","Aventura Espacial",CalmModule,0
1779969118134,NEUTRAL,0.23632151,0.27973172,0.2089412,0.26223305,0.19460784,0.124249294,0.3625018,0.09274861,2.0,-2.8935242,2.243042,-0.1609497,0.05633545,0.9946289,0,0,0,0,"Neutral — sin seguimiento",1,"Nave en Deriva","Aventura Espacial",CalmModule,0
1779969118384,NEUTRAL,0.24102111,0.28281242,0.209221,0.25005397,0.20057276,0.13496919,0.40481648,0.070593886,1.5,-4.478607,-1.585083,-0.14160156,0.061767578,1.0014038,0,0,0,0,"Neutral — sin seguimiento",1,"Nave en Deriva","Aventura Espacial",CalmModule,0
1779969118634,NEUTRAL,0.24667656,0.2840725,0.20896904,0.2147528,0.20753995,0.15224679,0.43959126,0.050627906,1.5,-3.947754,1.585083,-0.12731934,0.057617188,0.9953613,0,0,0,0,"Neutral — sin seguimiento",1,"Nave en Deriva","Aventura Espacial",CalmModule,0
1779969118885,NEUTRAL,0.2520401,0.28548396,0.20823713,0.22056305,0.20645186,0.16660145,0.47334057,0.043233346,1.5,-5.031891,-1.8019104,-0.12487793,0.071899414,0.9972534,1,0,0,0,"Neutral — sin seguimiento",1,"Nave en Deriva","Aventura Espacial",CalmModule,0
1779969119135,NEUTRAL,0.25633168,0.28756654,0.2071051,0.23590252,0.194416,0.18544355,0.5179919,0.039154593,1.5,-4.643097,2.0935059,-0.109313965,0.05078125,1.001831,0,0,0,0,"Neutral — sin seguimiento",1,"Nave en Deriva","Aventura Espacial",CalmModule,0
1779969119384,NEUTRAL,0.2586168,0.2909676,0.20577401,0.25134182,0.15637118,0.19626099,0.5497534,0.030661548,1.5,-4.246826,1.816864,-0.1071167,0.055786133,1.0088501,0,0,0,0,"Neutral — sin seguimiento",1,"Nave en Deriva","Aventura Espacial",CalmModule,0
1779969119635,NEUTRAL,0.25745732,0.2961387,0.19976345,0.28859955,0.1299676,0.22355077,0.55239576,0.021645576,1.5,-3.8430786,-3.9627075,-0.09069824,0.05493164,1.005249,0,0,0,0,"Neutral — sin seguimiento",1,"Nave en Deriva","Aventura Espacial",CalmModule,0
1779969119885,NEUTRAL,0.25554493,0.30875602,0.17667739,0.35119414,0.09073059,0.31287003,0.56025136,-0.0017615502,1.5,-4.059906,-0.39627075,-0.08831787,0.065979004,1.0020142,0,0,0,0,"Neutral — sin seguimiento",1,"Nave en Deriva","Aventura Espacial",CalmModule,0
1779969120138,NEUTRAL,0.25092024,0.31920505,0.15459499,0.35106346,0.075317495,0.35488614,0.59916294,-0.028120274,1.5,-4.179535,-0.059814453,-0.08782959,0.061645508,1.005188,0,0,0,0,"Neutral — sin seguimiento",1,"Nave en Deriva","Aventura Espacial",CalmModule,0
1779969120385,NEUTRAL,0.24438578,0.3291213,0.13325815,0.3982474,0.08688218,0.4087833,0.60773104,-0.06741578,1.5,-3.4692383,-0.62057495,-0.07574463,0.058410645,1.0047607,0,0,0,0,"Neutral — sin seguimiento",1,"Nave en Deriva","Aventura Espacial",CalmModule,0
1779969120635,NEUTRAL,0.2367306,0.33681235,0.11249794,0.40300983,0.088455416,0.45305312,0.6275344,-0.08001435,1.5,-3.2225037,-0.83740234,-0.071777344,0.059753418,1.012146,1,0,0,0,"Neutral — sin seguimiento",1,"Nave en Deriva","Aventura Espacial",CalmModule,0
1779969120885,NEUTRAL,0.22815399,0.34383288,0.09257904,0.40062946,0.09314563,0.4799922,0.6364487,-0.07928622,1.5,-4.3440247,-0.9869385,-0.06304932,0.05609131,1.0093384,0,0,0,0,"Neutral — sin seguimiento",1,"Nave en Deriva","Aventura Espacial",CalmModule,0
1779969121135,NEUTRAL,0.21787603,0.35221797,0.0731919,0.42796698,0.107780576,0.52424896,0.6577969,-0.08084942,1.5,-2.826233,-0.8747864,-0.05670166,0.051757812,1.0133667,0,0,0,0,"Neutral — sin seguimiento",1,"Nave en Deriva","Aventura Espacial",CalmModule,0
1779969121385,NEUTRAL,0.20793645,0.35960063,0.05428472,0.42400303,0.115161106,0.53804874,0.6508842,-0.076736346,1.5,-1.158905,-1.390686,-0.062805176,0.04925537,1.0023193,0,0,0,0,"Neutral — sin seguimiento",1,"Nave en Deriva","Aventura Espacial",CalmModule,0
1779969121635,NEUTRAL,0.19981976,0.3673445,0.035777662,0.41031054,0.107284114,0.4950655,0.5832048,-0.07773908,1.5,-1.5925598,1.547699,-0.07098389,0.039489746,1.006897,0,0,0,0,"Neutral — sin seguimiento",1,"Nave en Deriva","Aventura Espacial",CalmModule,0
1779969121888,NEUTRAL,0.1937445,0.3766992,0.017469643,0.40919805,0.07378408,0.4310078,0.5672765,-0.13249615,1.5,-2.5271606,-0.5757141,-0.079711914,0.045532227,1.0018921,0,0,0,0,"Neutral — sin seguimiento",1,"Nave en Deriva","Aventura Espacial",CalmModule,0
1779969122135,NEUTRAL,0.19012769,0.38531193,0.0,0.38878766,0.05109744,0.38202232,0.536957,-0.16086479,1.5,-3.0281067,-0.052337646,-0.06842041,0.03869629,1.0062866,0,0,0,0,"Neutral — sin seguimiento",1,"Nave en Deriva","Aventura Espacial",CalmModule,0
1779969122385,NEUTRAL,0.18678369,0.3874444,0.0,0.38878766,0.03543378,0.34215647,0.51079965,-0.15170547,1.5,-1.4505005,-0.97946167,-0.0692749,0.040649414,1.0095825,0,0,0,0,"Neutral — sin seguimiento",1,"Nave en Deriva","Aventura Espacial",CalmModule,0
1779969122635,NEUTRAL,0.18530326,0.39316505,0.0,0.3797695,0.013182087,0.27569085,0.4911597,-0.16282724,1.5,-2.8561401,-0.8822632,-0.08227539,0.038513184,1.0076904,0,0,0,0,"Neutral — sin seguimiento",1,"Nave en Deriva","Aventura Espacial",CalmModule,0
1779969122885,NEUTRAL,0.19164094,0.3932539,0.0,0.18370001,-0.0060322653,0.11877777,0.48544863,-0.20414811,1.5,-2.4075317,-1.4131165,-0.07287598,0.035461426,1.012085,0,0,0,0,"Neutral — sin seguimiento",1,"Nave en Deriva","Aventura Espacial",CalmModule,0
1779969123134,NEUTRAL,0.20079884,0.39338788,0.0,0.14903209,0.0068944544,0.09195556,0.4820256,-0.20392105,1.5,-2.5794983,-0.73272705,-0.07470703,0.031677246,1.0084839,0,0,0,0,"Neutral — sin seguimiento",1,"Nave en Deriva","Aventura Espacial",CalmModule,0
1779969123385,NEUTRAL,0.21148989,0.39344347,0.0,0.12268159,0.014431946,0.08158949,0.46497792,-0.16871102,1.5,-2.7140808,-0.08972168,-0.07867432,0.024108887,1.0084839,0,0,0,0,"Neutral — sin seguimiento",1,"Nave en Deriva","Aventura Espacial",CalmModule,0
1779969123635,NEUTRAL,0.22484042,0.3917185,0.0,0.07918088,0.025643472,0.06915024,0.43342248,-0.122954,1.5,-2.011261,-1.4579773,-0.07965088,0.034301758,1.0064087,0,0,0,0,"Neutral — sin seguimiento",1,"Nave en Deriva","Aventura Espacial",CalmModule,0
1779969123885,NEUTRAL,0.23845947,0.39053437,0.0,0.07918088,0.033920225,0.07296199,0.4288566,-0.10922666,1.5,-2.0710754,-0.63552856,-0.08068848,0.03186035,1.00354,0,0,0,0,"Neutral — sin seguimiento",1,"Nave en Deriva","Aventura Espacial",CalmModule,0
1779969124135,NEUTRAL,0.24784018,0.38273454,0.0,0.05997025,0.039585467,0.2323904,0.4146342,-0.058368627,1.5,-3.1851196,-1.3607788,-0.08111572,0.028076172,1.0090332,0,0,0,0,"Neutral — sin seguimiento",1,"Nave en Deriva","Aventura Espacial",CalmModule,0
1779969124385,NEUTRAL,0.256385,0.37242737,0.0,0.07862167,0.039243568,0.24857129,0.42778173,-0.031485565,1.5,-2.4449158,-0.41870117,-0.08117676,0.032836914,1.008728,0,0,0,0,"Neutral — sin seguimiento",1,"Nave en Deriva","Aventura Espacial",CalmModule,0
1779969124635,NEUTRAL,0.26030192,0.371643,0.0,0.29440174,0.047302816,0.26088464,0.4227473,-0.013047871,1.5,-2.3327637,-0.5682373,-0.07110596,0.027709961,1.0040894,0,0,0,0,"Neutral — sin seguimiento",1,"Nave en Deriva","Aventura Espacial",CalmModule,0
1779969124885,NEUTRAL,0.26443133,0.3693472,0.0,0.29904842,0.0553862,0.25514162,0.43913096,-0.01722745,1.5,-1.7645264,-1.4654541,-0.08300781,0.025146484,1.0073242,0,0,0,0,"Neutral — sin seguimiento",1,"Nave en Deriva","Aventura Espacial",CalmModule,0
1779969125135,NEUTRAL,0.26840317,0.36564133,0.0,0.29904842,0.05060374,0.22893412,0.4521697,-0.027157234,1.5,-2.5346375,-0.85235596,-0.08441162,0.03125,1.0073242,0,0,0,0,"Neutral — sin seguimiento",1,"Nave en Deriva","Aventura Espacial",CalmModule,0
1779969125385,NEUTRAL,0.26599726,0.36815307,0.0,0.29904842,0.040223826,0.20626262,0.45305958,-0.036675386,1.5,-2.8785706,-0.7028198,-0.07965088,0.02960205,1.0079956,0,0,0,0,"Neutral — sin seguimiento",1,"Nave en Deriva","Aventura Espacial",CalmModule,0
1779969125636,NEUTRAL,0.26154235,0.372406,0.0,0.2951996,0.03155393,0.19520319,0.4575773,-0.03266719,1.5,-2.437439,-0.14953613,-0.0758667,0.022949219,1.0065308,0,0,0,0,"Neutral — sin seguimiento",1,"Nave en Deriva","Aventura Espacial",CalmModule,0
1779969125884,NEUTRAL,0.2565636,0.37854826,0.0,0.29409346,0.037598565,0.17141213,0.4605896,-0.031474654,1.5,-2.5271606,-0.6504822,-0.07678223,0.029296875,1.0071411,0,0,0,0,"Neutral — sin seguimiento",1,"Nave en Deriva","Aventura Espacial",CalmModule,0
1779969126134,NEUTRAL,0.2504327,0.38607413,0.0,0.27292913,0.038639255,0.16009393,0.4598802,-0.01856173,1.5,-3.1402588,-0.6504822,-0.07354736,0.028137207,1.0117188,0,0,0,0,"Neutral — sin seguimiento",1,"Nave en Deriva","Aventura Espacial",CalmModule,0
1779969126385,NEUTRAL,0.24720103,0.3875782,0.0,0.14104654,0.029857818,0.13780282,0.44577917,-0.0021638994,1.5,-3.02063,-0.28411865,-0.07519531,0.028076172,1.0058594,0,0,0,0,"Neutral — sin seguimiento",1,"Nave en Deriva","Aventura Espacial",CalmModule,0
1779969126637,NEUTRAL,0.23555166,0.39143285,0.012638737,0.44439024,0.13319774,0.51108354,0.94569856,0.028744942,1.0,-2.8112793,-0.52337646,-0.07116699,0.030151367,1.0050659,0,0,0,0,"Neutral — sin seguimiento",1,"Nave en Deriva","Aventura Espacial",CalmModule,0
1779969126885,NEUTRAL,0.22485454,0.39341855,0.025532477,0.4285208,0.14092387,0.52636164,0.9529459,0.041077495,1.0,-2.743988,-1.0168457,-0.066223145,0.028747559,1.0065308,0,0,0,0,"Neutral — sin seguimiento",1,"Nave en Deriva","Aventura Espacial",CalmModule,0
1779969127135,NEUTRAL,0.2183582,0.38437456,0.038169373,0.43730092,0.15483227,0.54736525,0.9573055,0.04636179,1.0,-2.6991272,0.2243042,-0.06488037,0.030273438,1.0095825,0,0,0,0,"Neutral — sin seguimiento",1,"Nave en Deriva","Aventura Espacial",CalmModule,0
1779969127385,NEUTRAL,0.21183746,0.3742227,0.050699834,0.4323259,0.16995579,0.5607055,0.9581918,0.049407568,1.0,-2.9533386,-0.5757141,-0.064819336,0.033996582,1.0106201,0,0,0,0,"Neutral — sin seguimiento",1,"Nave en Deriva","Aventura Espacial",CalmModule,0
1779969127635,NEUTRAL,0.20553659,0.36295173,0.06346944,0.4229267,0.17601211,0.54631203,0.9731846,0.050073422,1.0,-3.2299805,-0.657959,-0.06524658,0.031799316,1.008606,0,0,0,0,"Neutral — sin seguimiento",1,"Nave en Deriva","Aventura Espacial",CalmModule,0
1779969127885,NEUTRAL,0.19958392,0.34979624,0.07566855,0.40591648,0.18069969,0.5542902,1.0085192,0.026246473,1.0,-2.5271606,-1.4430237,-0.06384277,0.030578613,1.0114746,0,0,0,0,"Neutral — sin seguimiento",1,"Nave en Deriva","Aventura Espacial",CalmModule,0
1779969128135,NEUTRAL,0.19369774,0.33628947,0.08786766,0.40591648,0.18069969,0.5542902,1.0085192,0.026246473,1.0,-2.2355652,-0.63552856,-0.059448242,0.034484863,1.0089722,0,0,0,0,"Neutral — sin seguimiento",1,"Nave en Deriva","Aventura Espacial",CalmModule,0
1779969128385,NEUTRAL,0.18710282,0.3222015,0.100066766,0.40591648,0.18069969,0.5542902,1.0085192,0.026246473,1.0,-2.9309082,-0.3439331,-0.06451416,0.03277588,1.0096436,0,0,0,0,"Neutral — sin seguimiento",1,"Nave en Deriva","Aventura Espacial",CalmModule,0
1779969128635,NEUTRAL,0.17842814,0.30702734,0.11166985,0.42110243,0.19149826,0.6381491,0.9340913,0.049477864,1.0,-2.938385,-0.49346924,-0.06060791,0.030578613,1.0101929,0,0,0,0,"Neutral — sin seguimiento",1,"Nave en Deriva","Aventura Espacial",CalmModule,0
1779969128885,NEUTRAL,0.16482732,0.30030513,0.12266836,0.444038,0.13310553,0.6305015,0.9657892,0.016697861,1.0,-3.0654907,-0.50094604,-0.049438477,0.029785156,1.0123901,0,0,0,0,"Neutral — sin seguimiento",1,"Nave en Deriva","Aventura Espacial",CalmModule,0
1779969129135,NEUTRAL,0.16303931,0.2984342,0.12108794,0.45660633,0.11962284,0.6042996,0.9532022,0.008364407,1.0,-2.8710938,-0.73272705,-0.049987793,0.030090332,1.013794,0,0,0,0,"Neutral — sin seguimiento",1,"Nave en Deriva","Aventura Espacial",CalmModule,0
1779969129385,NEUTRAL,0.161494,0.29862586,0.11957504,0.4603486,0.12665054,0.58604115,0.93400085,0.01606303,1.0,-3.2299805,-0.37384033,-0.042785645,0.025146484,1.0115967,0,0,0,0,"Neutral — sin seguimiento",1,"Nave en Deriva","Aventura Espacial",CalmModule,0
1779969129634,NEUTRAL,0.16081722,0.30011898,0.118228115,0.4703339,0.1489839,0.5657396,0.9046826,0.010073332,1.5,-2.8561401,-0.71029663,-0.043884277,0.03137207,1.0079956,0,0,0,0,"Neutral — sin seguimiento",1,"Nave en Deriva","Aventura Espacial",CalmModule,0
1779969129885,NEUTRAL,0.16179387,0.30749357,0.10569765,0.4719547,0.13978644,0.54810125,0.883169,-4.0392333E-5,1.5,-3.2598877,-0.8822632,-0.0423584,0.03717041,1.0071411,0,0,0,0,"Neutral — sin seguimiento",1,"Nave en Deriva","Aventura Espacial",CalmModule,0
1779969130134,NEUTRAL,0.16184938,0.3122752,0.10509359,0.4636721,0.15420136,0.47455457,0.8217817,0.005806444,1.5,-2.0561218,-0.38879395,-0.045959473,0.03857422,1.0056763,0,0,0,0,"Neutral — sin seguimiento",1,"Nave en Deriva","Aventura Espacial",CalmModule,0
1779969130385,NEUTRAL,0.16559339,0.315425,0.10641184,0.38895586,0.2039067,0.3962274,0.7298446,0.009420155,1.5,-2.7140808,-0.48599243,-0.04547119,0.03363037,1.0112915,0,0,0,0,"Neutral — sin seguimiento",1,"Nave en Deriva","Aventura Espacial",CalmModule,0
1779969130635,NEUTRAL,0.17107895,0.31758624,0.10820682,0.3533574,0.21612935,0.35756585,0.71845037,0.0023361468,1.5,-3.2598877,-0.83740234,-0.03845215,0.035949707,1.0094604,0,0,0,0,"Neutral — sin seguimiento",1,"Nave en Deriva","Aventura Espacial",CalmModule,0
1779969130885,NEUTRAL,0.1775635,0.32351327,0.105498634,0.58898294,0.42111656,0.5404065,1.1941978,0.020138603,1.5,-2.6019287,-1.1289978,-0.034362793,0.03338623,1.0064087,0,0,0,0,"Neutral — sin seguimiento",1,"Nave en Deriva","Aventura Espacial",CalmModule,0
1779969131135,NEUTRAL,0.18413888,0.33515573,0.10327919,0.65131307,0.41625464,0.52333665,1.3382651,0.03323594,1.0,-2.7963257,-1.084137,-0.03253174,0.032470703,1.0020142,0,0,0,0,"Neutral — sin seguimiento",1,"Nave en Deriva","Aventura Espacial",CalmModule,0
1779969131385,NEUTRAL,0.19174777,0.3445055,0.1017921,0.65725136,0.41092655,0.54190594,1.3873476,0.04697986,1.0,-2.355194,-1.1140442,-0.0345459,0.032592773,1.0062256,0,0,0,0,"Neutral — sin seguimiento",1,"Nave en Deriva","Aventura Espacial",CalmModule,0
1779969131635,NEUTRAL,0.19764481,0.35364768,0.09940759,0.71110743,0.412079,0.5978546,1.3749605,0.045276374,1.0,-2.205658,-0.7925415,-0.036865234,0.028076172,1.0094604,0,0,0,0,"Neutral — sin seguimiento",1,"Nave en Deriva","Aventura Espacial",CalmModule,0
1779969131885,NEUTRAL,0.20115866,0.3619129,0.09637268,0.73689616,0.39564273,0.6612201,1.3374248,0.05716401,1.0,-2.5196838,-0.6654358,-0.035583496,0.030456543,1.0063477,0,0,0,0,"Neutral — sin seguimiento",1,"Nave en Deriva","Aventura Espacial",CalmModule,0
1779969132135,NEUTRAL,0.20307842,0.36614054,0.09313294,0.72082484,0.39705867,0.7309582,1.3318987,0.060693335,1.0,-2.1907043,-1.0766602,-0.033325195,0.028137207,1.0125122,0,0,0,0,"Neutral — sin seguimiento",1,"Nave en Deriva","Aventura Espacial",CalmModule,0
1779969132385,NEUTRAL,0.20226902,0.36433262,0.100402124,0.7343464,0.40301132,0.7843154,1.3122009,0.041611668,1.0,-2.3851013,-0.8673096,-0.037353516,0.024963379,1.0073853,0,0,0,0,"Neutral — sin seguimiento",1,"Nave en Deriva","Aventura Espacial",CalmModule,0
1779969132635,NEUTRAL,0.20163867,0.36553198,0.09494661,0.75043136,0.4100012,0.8022132,1.2155559,0.019490467,1.0,-2.631836,-0.695343,-0.036010742,0.02709961,1.0071411,0,0,0,0,"Neutral — sin seguimiento",1,"Nave en Deriva","Aventura Espacial",CalmModule,0
1779969132885,NEUTRAL,0.19900934,0.37247854,0.08142926,0.75429326,0.42721745,0.78415966,1.1114957,-0.017034609,1.0,-2.3402405,-1.0168457,-0.04095459,0.019226074,1.0042114,0,0,0,0,"Neutral — sin seguimiento",1,"Nave en Deriva","Aventura Espacial",CalmModule,0
1779969133135,NEUTRAL,0.19990698,0.37348342,0.07471635,0.68699026,0.55278456,0.738861,0.94034886,0.038546983,1.0,-2.3252869,-1.2561035,-0.039733887,0.022521973,1.0079346,0,0,0,0,"Neutral — sin seguimiento",1,"Nave en Deriva","Aventura Espacial",CalmModule,0
1779969133388,NEUTRAL,0.19932845,0.3748009,0.06522543,0.7043471,0.50986385,0.7464349,0.9413763,-0.0116392635,1.0,-2.7215576,-0.85983276,-0.03741455,0.020446777,1.0064087,0,0,0,0,"Neutral — sin seguimiento",1,"Nave en Deriva","Aventura Espacial",CalmModule,0
1779969133637,NEUTRAL,0.1990367,0.37401572,0.055841796,0.7228563,0.49101686,0.7374708,0.93272704,-0.035116535,1.0,-2.2355652,-0.6430054,-0.049804688,0.020568848,1.0133057,0,0,0,0,"Neutral — sin seguimiento",1,"Nave en Deriva","Aventura Espacial",CalmModule,0
1779969133889,NEUTRAL,0.1985716,0.37424403,0.046330374,0.739198,0.48103815,0.74447083,0.8969961,-0.02522449,1.0,0.71029663,5.1216125,-0.043884277,0.013793945,1.012207,0,0,0,0,"Neutral — sin seguimiento",1,"Nave en Deriva","Aventura Espacial",CalmModule,0
1779969134135,NEUTRAL,0.2001255,0.37487254,0.037656564,0.73978835,0.4662301,0.70246506,0.9016013,-0.0015711389,1.0,-4.4711304,-2.048645,-0.045043945,0.018005371,1.0142212,0,0,0,0,"Neutral — sin seguimiento",1,"Nave en Deriva","Aventura Espacial",CalmModule,0
1779969134385,NEUTRAL,0.20090565,0.37329587,0.036737755,0.7347272,0.42920682,0.6982141,0.93110883,0.021840489,1.0,-3.20755,-0.41122437,-0.03955078,0.0126953125,1.0084839,0,0,0,0,"Neutral — sin seguimiento",1,"Nave en Deriva","Aventura Espacial",CalmModule,0
1779969134635,NEUTRAL,0.2014039,0.3726708,0.036230505,0.7227531,0.41864157,0.74757314,0.95810455,0.041794892,1.0,-2.594452,-0.14953613,-0.033203125,0.01373291,1.0091553,0,0,0,0,"Neutral — sin seguimiento",1,"Nave en Deriva","Aventura Espacial",CalmModule,0
1779969134885,NEUTRAL,0.20086122,0.3715045,0.035506025,0.78593576,0.4546321,0.87580454,0.9459317,0.06197846,1.0,-3.0281067,-0.7701111,-0.042541504,0.015136719,1.0072021,0,0,0,0,"Neutral — sin seguimiento",1,"Nave en Deriva","Aventura Espacial",CalmModule,0
1779969135135,NEUTRAL,0.19994915,0.36834815,0.034725696,0.7944561,0.46903607,0.9348556,0.97612786,0.049543712,1.0,-2.2280884,4.3440247,-0.038635254,0.0057373047,1.0053711,0,0,0,0,"Neutral — sin seguimiento",1,"Nave en Deriva","Aventura Espacial",CalmModule,0
1779969135385,NEUTRAL,0.19744328,0.36123607,0.0406749,0.7667537,0.46316233,0.9194829,0.9682784,0.033009823,1.0,-2.31781,0.26168823,-0.036071777,0.010131836,1.0102539,0,0,0,0,"Neutral — sin seguimiento",1,"Nave en Deriva","Aventura Espacial",CalmModule,0
1779969135634,NEUTRAL,0.18982138,0.3614694,0.039401118,0.7584334,0.45339826,0.8996297,0.97909576,0.023359634,1.0,-2.9159546,-1.0168457,-0.031311035,0.006286621,1.0095825,0,0,0,0,"Neutral — sin seguimiento",1,"Nave en Deriva","Aventura Espacial",CalmModule,0
1779969135884,NEUTRAL,0.18267982,0.35860318,0.045600347,0.75913334,0.44135112,0.8760641,1.0272759,0.024877274,1.0,-3.0804443,-0.6878662,-0.034606934,0.016845703,1.0081787,0,0,0,0,"Neutral — sin seguimiento",1,"Nave en Deriva","Aventura Espacial",CalmModule,0
1779969136134,NEUTRAL,0.17745933,0.3555699,0.05197212,0.76147056,0.45021766,0.83228785,1.0558996,0.020099204,1.0,-2.7140808,-0.4560852,-0.037353516,0.016662598,1.0089722,0,0,0,0,"Neutral — sin seguimiento",1,"Nave en Deriva","Aventura Espacial",CalmModule,0
1779969136385,NEUTRAL,0.17378153,0.3537432,0.05838733,0.7844692,0.4657625,0.8004395,1.0746601,0.021447025,1.0,-3.1028748,0.059814453,-0.025817871,0.018615723,1.0117188,0,0,0,0,"Neutral — sin seguimiento",1,"Nave en Deriva","Aventura Espacial",CalmModule,0
1779969136635,NEUTRAL,0.17015596,0.3471165,0.06552339,0.7556195,0.47976878,0.8299582,1.2213467,0.07524701,1.0,-3.5888672,-0.85235596,-0.024108887,0.017333984,1.0117188,0,0,0,0,"Neutral — sin seguimiento",1,"Nave en Deriva","Aventura Espacial",CalmModule,0
1779969136885,NEUTRAL,0.17080432,0.34556997,0.06594511,0.77401775,0.5009678,0.76121354,1.1784283,0.102994755,1.0,-3.2150269,0.19439697,-0.022277832,0.030029297,1.0101929,0,0,0,0,"Neutral — sin seguimiento",1,"Nave en Deriva","Aventura Espacial",CalmModule,0
1779969137135,NEUTRAL,0.17387351,0.34533906,0.06724017,0.73510474,0.5022773,0.7131237,1.1300521,0.12573972,1.0,-3.4468079,-0.30654907,-0.015319824,0.028076172,1.0043945,0,0,0,0,"Neutral — sin seguimiento",1,"Nave en Deriva","Aventura Espacial",CalmModule,0
1779969137385,NEUTRAL,0.18079431,0.34181422,0.070642695,0.6404769,0.51052815,0.70147157,1.0513284,0.1449074,1.0,-2.9608154,-1.2112427,-0.009765625,0.030334473,1.0108032,0,0,0,0,"Neutral — sin seguimiento",1,"Nave en Deriva","Aventura Espacial",CalmModule,0
1779969137635,NEUTRAL,0.18776986,0.34210345,0.073651455,0.6973334,0.5288171,0.7228927,0.96580833,0.12685615,1.0,-3.282318,-0.4486084,-0.0043945312,0.03186035,1.0112915,0,0,0,0,"Neutral — sin seguimiento",1,"Nave en Deriva","Aventura Espacial",CalmModule,0
1779969137884,NEUTRAL,0.19339179,0.34232423,0.076475255,0.69808066,0.52217084,0.7567607,0.91961175,0.13006113,1.0,-2.1757507,-0.73272705,-0.0146484375,0.03564453,1.0137329,0,0,0,0,"Neutral — sin seguimiento",1,"Nave en Deriva","Aventura Espacial",CalmModule,0
1779969138134,NEUTRAL,0.19759798,0.34125462,0.07957524,0.66869205,0.47853655,0.7598477,0.9302165,0.12879479,1.0,-2.1458435,-0.41870117,-0.01550293,0.034423828,1.010376,0,0,0,0,"Neutral — sin seguimiento",1,"Nave en Deriva","Aventura Espacial",CalmModule,0
1779969138384,NEUTRAL,0.20138854,0.33853748,0.082897946,0.64041483,0.4506754,0.7482378,0.9409557,0.1291457,1.0,-2.4075317,-0.96450806,-0.010009766,0.034240723,1.0073242,0,0,0,0,"Neutral — sin seguimiento",1,"Nave en Deriva","Aventura Espacial",CalmModule,0
1779969138635,NEUTRAL,0.20422216,0.33605105,0.08631858,0.64299554,0.4300207,0.7042009,0.9687017,0.12013748,1.0,-2.7514648,-0.7626343,-0.0119018555,0.028808594,1.0074463,0,0,0,0,"Neutral — sin seguimiento",1,"Nave en Deriva","Aventura Espacial",CalmModule,0
1779969138885,NEUTRAL,0.20645271,0.3296355,0.089858405,0.59302044,0.4077396,0.69847167,0.9804098,0.103106104,1.0,-2.5570679,-0.8673096,-0.009216309,0.031921387,1.0088501,0,0,0,0,"Neutral — sin seguimiento",1,"Nave en Deriva","Aventura Espacial",CalmModule,0
1779969139135,NEUTRAL,0.20809202,0.3263773,0.0931237,0.5901285,0.39540705,0.68997467,0.9751946,0.11688838,1.0,-2.781372,-0.82992554,-0.013977051,0.028747559,1.0043945,0,0,0,0,"Neutral — sin seguimiento",1,"Nave en Deriva","Aventura Espacial",CalmModule,0
1779969139385,NEUTRAL,0.20778354,0.32886234,0.09547937,0.73182654,0.42351457,0.6317314,0.9785849,0.14640991,1.0,-2.4075317,-0.8074951,-0.002319336,0.024841309,1.0067749,0,0,0,0,"Neutral — sin seguimiento",1,"Nave en Deriva","Aventura Espacial",CalmModule,0
1779969139635,NEUTRAL,0.20704012,0.33402756,0.09662725,0.76555496,0.45879817,0.6080171,0.99535614,0.15092088,1.0,-2.4972534,-1.1289978,-0.013916016,0.028320312,1.0033569,0,0,0,0,"Neutral — sin seguimiento",1,"Nave en Deriva","Aventura Espacial",CalmModule,0
1779969139884,NEUTRAL,0.20495951,0.34305426,0.096439525,0.7675531,0.48602572,0.6272169,1.0020595,0.1531512,1.0,-2.2355652,-0.88974,-0.0049438477,0.030212402,1.0081177,0,0,0,0,"Neutral — sin seguimiento",1,"Nave en Deriva","Aventura Espacial",CalmModule,0
1779969140135,NEUTRAL,0.2036583,0.34973982,0.0972073,0.76725614,0.49335548,0.6299706,0.9706013,0.1529902,1.0,-2.1458435,-0.95703125,-0.0031738281,0.030029297,1.0123901,0,0,0,0,"Neutral — sin seguimiento",1,"Nave en Deriva","Aventura Espacial",CalmModule,0
1779969140385,NEUTRAL,0.2040345,0.35806882,0.09780252,0.76996857,0.5023127,0.6042395,0.9077385,0.13122638,1.5,-2.7888489,-0.4336548,-0.0044555664,0.029174805,1.0131836,0,0,0,0,"Neutral — sin seguimiento",1,"Nave en Deriva","Aventura Espacial",CalmModule,0
1779969140635,NEUTRAL,0.20375553,0.37679327,0.09953555,0.7611262,0.3627444,0.33297005,0.7080543,0.09464213,1.5,-2.9458618,-0.82992554,-0.002319336,0.026428223,1.0032349,0,0,0,0,"Neutral — sin seguimiento",1,"Nave en Deriva","Aventura Espacial",CalmModule,0
1779969140885,NEUTRAL,0.20322457,0.3966081,0.10054373,0.7612278,0.34461915,0.34205732,0.71771735,0.078504086,1.0,-2.5271606,-1.0317993,-0.003479004,0.023132324,1.0081177,0,0,0,0,"Neutral — sin seguimiento",1,"Nave en Deriva","Aventura Espacial",CalmModule,0
1779969141134,CALM,0.2011373,0.41015714,0.10239984,0.6194132,0.20775051,0.33979842,0.67105955,0.021146487,1.0,-2.6019287,-0.7850647,-0.0048217773,0.025146484,1.010315,0,0,0,0,"Estado relajado — listo para interactuar",1,"Nave en Deriva","Aventura Espacial",CalmModule,0
1779969141384,CALM,0.20022394,0.41935283,0.105993316,0.51559633,0.19649485,0.35076404,0.6089386,0.045932263,1.0,-2.243042,-0.5607605,-0.001159668,0.02319336,1.0078735,0,0,0,0,"Estado relajado — listo para interactuar",1,"Nave en Deriva","Aventura Espacial",CalmModule,0
1779969141635,CALM,0.1994479,0.42729264,0.10973321,0.5057805,0.19440913,0.3636236,0.59807646,0.066695206,1.0,-1.973877,-0.5906677,-0.00592041,0.026428223,1.0073853,0,0,0,0,"Estado relajado — listo para interactuar",1,"Nave en Deriva","Aventura Espacial",CalmModule,0
1779969141884,CALM,0.19812638,0.42860827,0.11491914,0.54810065,0.19470263,0.3548426,0.58987045,0.1268364,1.0,-2.437439,-0.6729126,-0.0038452148,0.025268555,1.008728,0,0,0,0,"Estado relajado — listo para interactuar",1,"Nave en Deriva","Aventura Espacial",CalmModule,0
1779969142135,CALM,0.19709519,0.42449003,0.121364,0.48136827,0.19779176,0.3495393,0.56111443,0.12883826,1.0,-2.5645447,-0.3514099,-0.0072631836,0.027648926,1.0101318,0,0,0,0,"Estado relajado — listo para interactuar",1,"Nave en Deriva","Aventura Espacial",CalmModule,0
1779969142385,CALM,0.19582681,0.42323056,0.12715423,0.53596854,0.24122737,0.35777873,0.5635531,0.13769911,1.0,-2.3701477,-0.7551575,-0.0010986328,0.02178955,1.0080566,0,0,0,0,"Estado relajado — listo para interactuar",1,"Nave en Deriva","Aventura Espacial",CalmModule,0
1779969142635,CALM,0.19512962,0.42279488,0.1329614,0.5715522,0.28793,0.36301136,0.4845209,0.1657074,1.0,-2.594452,-1.0467529,0.001953125,0.02130127,1.0133057,0,0,0,0,"Estado relajado — listo para interactuar",1,"Nave en Deriva","Aventura Espacial",CalmModule,0
1779969142885,CALM,0.19350189,0.4220549,0.13925746,0.57232356,0.27926403,0.34848884,0.4460714,0.16478816,1.0,-2.5570679,-1.5551758,-0.003479004,0.019470215,1.0111694,0,0,0,0,"Estado relajado — listo para interactuar",1,"Nave en Deriva","Aventura Espacial",CalmModule,0
1779969143135,CALM,0.19454731,0.4117613,0.14437948,0.5605085,0.2835971,0.31811428,0.48454988,0.16152562,1.0,-2.168274,-0.8822632,-0.0012817383,0.019958496,1.0076294,0,0,0,0,"Estado relajado — listo para interactuar",1,"Nave en Deriva","Aventura Espacial",CalmModule,0
1779969143385,NEUTRAL,0.19586733,0.40204588,0.14882219,0.59857744,0.3028622,0.3526027,0.5593757,0.16107646,1.0,-1.9664001,-0.6654358,-0.0010986328,0.016845703,1.005188,0,0,0,0,"Estado relajado — listo para interactuar",1,"Nave en Deriva","Aventura Espacial",CalmModule,0
1779969143634,NEUTRAL,0.1968901,0.39981037,0.15037693,0.69726956,0.3312823,0.43303427,0.7119497,0.17495835,1.0,-2.0710754,-0.74020386,-0.0060424805,0.01965332,1.0105591,0,0,0,0,"Estado relajado — listo para interactuar",1,"Nave en Deriva","Aventura Espacial",CalmModule,0
1779969143884,NEUTRAL,0.19637007,0.40414196,0.14951052,0.72073555,0.34498313,0.46169162,0.76411575,0.17766865,1.0,-2.8337097,-0.48599243,-6.1035156E-4,0.019165039,1.0130615,0,0,0,0,"Estado relajado — listo para interactuar",1,"Nave en Deriva","Aventura Espacial",CalmModule,0
1779969144134,NEUTRAL,0.19790056,0.4062557,0.14794199,0.6724245,0.37174094,0.47383776,0.8618125,0.15928139,1.0,-1.8617249,-0.27664185,-0.0064086914,0.019165039,1.0123291,0,0,0,0,"Estado relajado — listo para interactuar",1,"Nave en Deriva","Aventura Espacial",CalmModule,0
1779969144384,NEUTRAL,0.2038889,0.39725283,0.14424898,0.5729326,0.45318228,0.5881727,1.0497316,0.14138933,1.0,-2.1084595,-1.0093689,-0.0045166016,0.01739502,1.006897,0,0,0,0,"Estado relajado — listo para interactuar",1,"Nave en Deriva","Aventura Espacial",CalmModule,0
1779969144635,NEUTRAL,0.2082262,0.39213333,0.13871928,0.5942862,0.46360275,0.6174291,1.1282336,0.12824585,1.0,-2.8411865,-0.97198486,-0.00592041,0.015686035,1.0093384,0,0,0,0,"Estado relajado — listo para interactuar",1,"Nave en Deriva","Aventura Espacial",CalmModule,0
1779969144884,NEUTRAL,0.2118496,0.3854183,0.13295536,0.6136683,0.47441888,0.64587295,1.1834939,0.09656079,1.0,-2.3103333,-0.47851562,-0.010437012,0.0134887695,1.0079346,0,0,0,0,"Estado relajado — listo para interactuar",1,"Nave en Deriva","Aventura Espacial",CalmModule,0
1779969145134,NEUTRAL,0.21481983,0.37880918,0.12698829,0.61362994,0.46815255,0.62860805,1.1777538,0.07644588,1.0,-2.1458435,-0.6803894,-0.013671875,0.010559082,1.008728,0,0,0,0,"Estado relajado — listo para interactuar",1,"Nave en Deriva","Aventura Espacial",CalmModule,0
1779969145384,NEUTRAL,0.21876244,0.3709077,0.12171782,0.5555368,0.43473426,0.5689387,1.1517811,0.065345824,1.0,-2.0187378,-0.9046936,-0.0065307617,0.014282227,1.0082397,0,0,0,0,"Estado relajado — listo para interactuar",1,"Nave en Deriva","Aventura Espacial",CalmModule,0
1779969145634,NEUTRAL,0.22277854,0.35946056,0.11783523,0.4689179,0.41393578,0.5473374,1.1244978,0.09529888,1.0,-2.2879028,-0.63552856,-0.009399414,0.013793945,1.0109253,0,0,0,0,"Estado relajado — listo para interactuar",1,"Nave en Deriva","Aventura Espacial",CalmModule,0
1779969145884,NEUTRAL,0.227106,0.34563342,0.115137756,0.44126627,0.40644184,0.55694777,1.1173501,0.09613329,1.0,-2.512207,-0.48599243,-0.012634277,0.0079956055,1.0132446,0,0,0,0,"Estado relajado — listo para interactuar",1,"Nave en Deriva","Aventura Espacial",CalmModule,0
1779969146134,NEUTRAL,0.23308979,0.32953665,0.11411183,0.4464635,0.39786488,0.546331,1.0894735,0.0870875,1.0,-2.1907043,-0.74020386,-0.007751465,0.009216309,1.0093384,0,0,0,0,"Neutral — sin seguimiento",1,"Nave en Deriva","Aventura Espacial",CalmModule,0
1779969146384,NEUTRAL,0.24048471,0.31289855,0.11378821,0.42253408,0.39648426,0.5118139,1.0837896,0.072850354,1.0,-2.631836,-0.3215027,-0.014831543,0.012939453,1.0097656,0,0,0,0,"Neutral — sin seguimiento",1,"Nave en Deriva","Aventura Espacial",CalmModule,0
1779969146634,NEUTRAL,0.2460168,0.29952276,0.113574035,0.41334182,0.38798115,0.50382984,1.0949318,0.06433323,1.0,-3.170166,-0.38879395,-0.013122559,0.01550293,1.0109253,0,0,0,0,"Neutral — sin seguimiento",1,"Nave en Deriva","Aventura Espacial",CalmModule,0
1779969146884,NEUTRAL,0.24738371,0.2964573,0.11366988,0.43627667,0.38492262,0.5166044,1.1222812,0.05259973,1.0,-2.5570679,-0.51589966,-0.010314941,0.017700195,1.0072021,0,0,0,0,"Neutral — sin seguimiento",1,"Nave en Deriva","Aventura Espacial",CalmModule,0
1779969147134,NEUTRAL,0.24863303,0.2946477,0.11415507,0.4648042,0.3819071,0.514295,1.1262968,0.043054987,1.0,-2.826233,-0.12710571,-0.009277344,0.011413574,1.0061035,0,0,0,0,"Neutral — sin seguimiento",1,"Nave en Deriva","Aventura Espacial",CalmModule,0
1779969147384,NEUTRAL,0.25114375,0.2936421,0.115956105,0.47227058,0.39114267,0.47472948,1.1156982,0.042315673,1.5,-2.549591,-0.14953613,-0.009094238,0.01586914,1.0092163,0,0,0,0,"Neutral — sin seguimiento",1,"Nave en Deriva","Aventura Espacial",CalmModule,0
1779969147635,NEUTRAL,0.25449935,0.2919551,0.11853893,0.47227058,0.40757,0.4521806,1.1213464,0.061949927,1.5,-2.512207,-1.0916138,-0.008911133,0.016235352,1.0130615,0,0,0,0,"Neutral — sin seguimiento",1,"Nave en Deriva","Aventura Espacial",CalmModule,0
1779969147884,NEUTRAL,0.25734803,0.29049748,0.12109594,0.4660613,0.4135036,0.44453618,1.0744561,0.091553554,1.5,-2.3701477,-0.463562,-9.1552734E-4,0.01965332,1.0080566,0,0,0,0,"Neutral — sin seguimiento",1,"Nave en Deriva","Aventura Espacial",CalmModule,0
1779969148135,NEUTRAL,0.25920177,0.2925555,0.1228705,0.46982825,0.4154971,0.43906513,1.073709,0.12551141,1.5,-2.6542664,-0.5682373,0.0037231445,0.012512207,1.0095215,0,0,0,0,"Neutral — sin seguimiento",1,"Nave en Deriva","Aventura Espacial",CalmModule,0
1779969148385,NEUTRAL,0.2612762,0.2959657,0.12532774,0.4722661,0.42061126,0.4265182,1.0797219,0.15503618,1.5,-2.743988,-0.463562,-0.00390625,0.016906738,1.0079346,0,0,0,0,"Neutral — sin seguimiento",1,"Nave en Deriva","Aventura Espacial",CalmModule,0
1779969148635,NEUTRAL,0.26452148,0.29816175,0.12869348,0.46161157,0.4332502,0.40288422,1.0883654,0.1752661,1.5,-3.439331,-0.6878662,0.0026245117,0.01727295,1.0100098,0,0,0,0,"Neutral — sin seguimiento",1,"Nave en Deriva","Aventura Espacial",CalmModule,0
1779969148889,NEUTRAL,0.26490822,0.3004619,0.13375379,0.46252504,0.4081709,0.40463224,1.1492198,0.22718689,1.5,-2.7215576,-0.7551575,0.0012207031,0.014892578,1.0077515,0,0,0,0,"Neutral — sin seguimiento",1,"Nave en Deriva","Aventura Espacial",CalmModule,0
1779969149135,NEUTRAL,0.2658389,0.30283698,0.13962874,0.44237188,0.39641643,0.36031738,1.1314634,0.22641952,1.0,-2.0037842,-0.8000183,5.493164E-4,0.017089844,1.0073242,0,0,0,0,"Neutral — sin seguimiento",1,"Nave en Deriva","Aventura Espacial",CalmModule,0
1779969149384,NEUTRAL,0.2671927,0.30433133,0.14668408,0.44070998,0.3897811,0.35104054,1.1042848,0.23850675,1.0,-1.854248,-1.084137,0.0059814453,0.01171875,1.0097046,0,0,0,0,"Neutral — sin seguimiento",1,"Nave en Deriva","Aventura Espacial",CalmModule,0
1779969149634,NEUTRAL,0.26550618,0.30647498,0.15129569,0.61431575,0.47098267,0.56310934,1.0576674,0.3103409,1.0,-2.243042,-0.927124,-0.0056152344,0.012084961,1.0084839,0,0,0,0,"Neutral — sin seguimiento",1,"Nave en Deriva","Aventura Espacial",CalmModule,0
1779969149885,NEUTRAL,0.2635957,0.30640215,0.15565228,0.5890204,0.47558913,0.55831766,1.0596662,0.2986975,1.0,-2.4673462,-1.353302,-0.007080078,0.010192871,1.0129395,0,0,0,0,"Neutral — sin seguimiento",1,"Nave en Deriva","Aventura Espacial",CalmModule,0
1779969150135,NEUTRAL,0.26061216,0.30512175,0.15998156,0.57090366,0.4733093,0.5680592,1.0533465,0.31133962,1.0,-2.280426,-0.2168274,-0.010864258,0.012329102,1.0175781,0,0,0,0,"Neutral — sin seguimiento",1,"Nave en Deriva","Aventura Espacial",CalmModule,0
1779969150384,NEUTRAL,0.2570223,0.30501685,0.16398953,0.5858314,0.47324136,0.5611093,1.0770127,0.3299088,1.0,-1.7869568,1.3458252,-0.008239746,0.008605957,1.0092163,0,0,0,0,"Neutral — sin seguimiento",1,"Nave en Deriva","Aventura Espacial",CalmModule,0
1779969150634,NEUTRAL,0.25371322,0.30497873,0.16738304,0.6001988,0.48965698,0.5692704,1.0832589,0.35157225,1.0,-2.512207,-0.61309814,-0.014404297,0.009765625,1.0078125,0,0,0,0,"Neutral — sin seguimiento",1,"Nave en Deriva","Aventura Espacial",CalmModule,0
1779969150884,NEUTRAL,0.24926098,0.30670872,0.16814712,0.6603423,0.5070213,0.62054414,1.0854794,0.34117597,1.0,-1.9664001,-0.95703125,-0.01184082,0.014831543,1.0134888,0,0,0,0,"Neutral — sin seguimiento",1,"Nave en Deriva","Aventura Espacial",CalmModule,0
1779969151134,NEUTRAL,0.2433561,0.30858442,0.16772321,0.65622824,0.49934074,0.63925594,1.1051941,0.33157977,1.0,-1.8467712,-0.8673096,-0.018005371,0.012939453,1.012085,0,0,0,0,"Neutral — sin seguimiento",1,"Nave en Deriva","Aventura Espacial",CalmModule,0
1779969151384,NEUTRAL,0.23953393,0.3106462,0.16573718,0.65622824,0.5051043,0.62744313,1.0639086,0.33940035,1.0,-1.2037659,-0.38131714,-0.023376465,0.009094238,1.0084229,0,0,0,0,"Neutral — sin seguimiento",1,"Nave en Deriva","Aventura Espacial",CalmModule,0
1779969151634,NEUTRAL,0.23487851,0.31250182,0.16260894,0.6564819,0.50214916,0.64136815,1.0622499,0.3327054,1.0,-2.2355652,-1.0691833,-0.026550293,0.0053100586,1.007019,0,0,0,0,"Neutral — sin seguimiento",1,"Nave en Deriva","Aventura Espacial",CalmModule,0
1779969151885,NEUTRAL,0.230176,0.31318262,0.15827289,0.6513803,0.50658464,0.67978925,1.0448678,0.32590416,1.0,-2.6617432,-0.59814453,-0.021972656,0.0079956055,1.0076904,0,0,0,0,"Neutral — sin seguimiento",1,"Nave en Deriva","Aventura Espacial",CalmModule,0
1779969152135,NEUTRAL,0.2281798,0.3105579,0.15614073,0.6461649,0.5005945,0.72384167,1.0686783,0.31698078,1.0,-2.863617,-1.0542297,-0.031066895,0.013061523,1.0082397,0,0,0,0,"Neutral — sin seguimiento",1,"Nave en Deriva","Aventura Espacial",CalmModule,0
1779969152385,NEUTRAL,0.22579263,0.30708212,0.15474997,0.5883555,0.4807954,0.7060987,1.0577441,0.3098459,1.0,-1.973877,-0.8074951,-0.029663086,0.003967285,1.0082397,0,0,0,0,"Neutral — sin seguimiento",1,"Nave en Deriva","Aventura Espacial",CalmModule,0
1779969152634,NEUTRAL,0.22464755,0.30070433,0.1537847,0.4836817,0.46887967,0.6940479,1.0537915,0.30198652,1.0,-2.355194,-0.41870117,-0.019836426,0.0017089844,1.0075684,0,0,0,0,"Neutral — sin seguimiento",1,"Nave en Deriva","Aventura Espacial",CalmModule,0
1779969152884,NEUTRAL,0.21940589,0.3013294,0.14843743,0.6712636,0.44075173,0.76647687,1.0685586,0.24204406,1.5,-1.8392944,-1.1663818,-0.032958984,0.0075683594,1.0063477,0,0,0,0,"Neutral — sin seguimiento",1,"Nave en Deriva","Aventura Espacial",CalmModule,0
1779969153134,NEUTRAL,0.21266115,0.30193207,0.141996,0.688436,0.42400238,0.8079784,1.0908334,0.22828063,1.5,-2.5271606,-0.7850647,-0.0256958,0.0051879883,1.0128784,0,0,0,0,"Neutral — sin seguimiento",1,"Nave en Deriva","Aventura Espacial",CalmModule,0
1779969153384,NEUTRAL,0.20619695,0.3016602,0.13766405,0.7180817,0.4229002,0.8203733,1.0729451,0.26019368,1.5,-2.1907043,-0.14205933,-0.031433105,0.0012817383,1.0109253,0,0,0,0,"Neutral — sin seguimiento",1,"Nave en Deriva","Aventura Espacial",CalmModule,0
1779969153634,NEUTRAL,0.20059143,0.30317104,0.13442987,0.7321626,0.42912248,0.7880739,1.015077,0.2829058,1.5,-2.437439,-0.6878662,-0.029785156,0.005065918,1.012146,0,0,0,0,"Neutral — sin seguimiento",1,"Nave en Deriva","Aventura Espacial",CalmModule,0
1779969153884,NEUTRAL,0.19098091,0.32141417,0.1266243,1.0169468,0.42945307,0.7801198,1.1172867,0.19815789,1.0,-3.1477356,-0.82244873,-0.025268555,0.006164551,1.0150146,0,0,0,0,"Neutral — sin seguimiento",1,"Nave en Deriva","Aventura Espacial",CalmModule,0
1779969154134,NEUTRAL,0.18165722,0.3405073,0.11922626,1.0178096,0.42446122,0.7637839,1.1265167,0.1977489,1.0,-2.011261,-0.4486084,-0.028259277,0.002380371,1.0084229,0,0,0,0,"Neutral — sin seguimiento",1,"Nave en Deriva","Aventura Espacial",CalmModule,0
1779969154384,NEUTRAL,0.17259687,0.3576071,0.11269577,0.9620986,0.39454627,0.77778375,1.1658614,0.18473591,1.0,-1.3832092,-0.5906677,-0.037109375,0.003540039,1.0119019,1,0,0,0,"Neutral — sin seguimiento",1,"Nave en Deriva","Aventura Espacial",CalmModule,0
1779969154634,NEUTRAL,0.16487205,0.37464023,0.10721089,0.936571,0.39628747,0.7671219,1.1814516,0.19126801,1.0,-2.5570679,-0.16448975,-0.033691406,0.006958008,1.0116577,0,0,0,0,"Neutral — sin seguimiento",1,"Nave en Deriva","Aventura Espacial",CalmModule,0
1779969154884,NEUTRAL,0.15683776,0.39462978,0.10129295,0.9356708,0.38939247,0.73789847,1.2000468,0.19409339,1.0,-2.7963257,-0.052337646,-0.032226562,0.0078125,1.0062866,0,0,0,0,"Neutral — sin seguimiento",1,"Nave en Deriva","Aventura Espacial",CalmModule,0
1779969155134,CALM,0.1477182,0.41801065,0.09490275,0.9079053,0.37112343,0.71855646,1.2484773,0.19570942,1.0,-2.6168823,-0.4486084,-0.036193848,0.0095825195,1.008667,0,0,0,0,"Estado relajado — listo para interactuar",1,"Nave en Deriva","Aventura Espacial",CalmModule,0
1779969155385,CALM,0.14241122,0.43163562,0.09072015,0.96308064,0.42691422,0.85202694,1.314874,0.18251705,1.0,-2.2879028,-0.20187378,-0.028564453,0.0068359375,1.008667,0,0,0,0,"Estado relajado — listo para interactuar",1,"Nave en Deriva","Aventura Espacial",CalmModule,0
1779969155646,CALM,0.13891669,0.4440527,0.08674425,0.96308064,0.45284703,0.88127613,1.3336617,0.15810823,1.0,-2.6766968,-0.47851562,-0.032409668,0.011962891,1.0108643,0,0,0,0,"Estado relajado — listo para interactuar",1,"Nave en Deriva","Aventura Espacial",CalmModule,0
1779969155885,CALM,0.13722883,0.45461938,0.07557955,1.0637828,0.597164,1.0661149,1.3119702,-0.002169606,1.0,-3.244934,-0.927124,-0.02178955,0.008972168,1.0054321,0,0,0,0,"Estado relajado — listo para interactuar",1,"Nave en Deriva","Aventura Espacial",CalmModule,0
1779969156135,CALM,0.13453376,0.46747512,0.06369457,1.0641214,0.5430782,0.998011,1.2847185,-0.015320626,1.0,-2.9533386,-0.61309814,-0.027709961,0.010131836,1.0079346,0,0,0,0,"Estado relajado — listo para interactuar",1,"Nave en Deriva","Aventura Espacial",CalmModule,0
1779969156385,CALM,0.1352211,0.465133,0.05606736,1.0641214,0.51974565,0.9681517,1.2924086,-0.021428218,1.0,-2.7888489,-0.95703125,-0.026062012,0.0079956055,1.0120239,0,0,0,0,"Estado relajado — listo para interactuar",1,"Nave en Deriva","Aventura Espacial",CalmModule,0
1779969156634,CALM,0.13586096,0.46450162,0.04836016,1.064255,0.49720687,0.9199026,1.2593646,-0.022581423,1.5,-3.1851196,-0.62805176,-0.020507812,0.010131836,1.0133057,0,0,0,0,"Estado relajado — listo para interactuar",1,"Nave en Deriva","Aventura Espacial",CalmModule,0
1779969156884,CALM,0.13688849,0.46831328,0.040378083,1.0492442,0.48156142,0.87320364,1.2266338,-0.022098966,1.5,-2.1383667,-0.5308533,-0.020324707,0.015258789,1.0044556,0,0,0,0,"Estado relajado — listo para interactuar",1,"Nave en Deriva","Aventura Espacial",CalmModule,0
1779969157134,CALM,0.1403621,0.4695299,0.031997267,0.897,0.44538492,0.7643919,1.1651529,-0.02138908,1.5,-2.2131348,-0.5906677,-0.016662598,0.014709473,1.0120239,0,0,0,0,"Estado relajado — listo para interactuar",1,"Nave en Deriva","Aventura Espacial",CalmModule,0
1779969157384,CALM,0.15005507,0.45893702,0.031626597,0.66856,0.4660555,0.59794253,1.017048,0.01718622,1.0,-2.280426,-0.08224487,-0.020202637,0.012512207,1.0083008,0,0,0,0,"Estado relajado — listo para interactuar",1,"Nave en Deriva","Aventura Espacial",CalmModule,0
1779969157634,CALM,0.15935165,0.45139655,0.030823356,0.70574415,0.47084674,0.5786208,0.9413335,0.029512294,1.0,-2.8112793,-0.36636353,-0.02166748,0.013000488,1.0130615,0,0,0,0,"Estado relajado — listo para interactuar",1,"Nave en Deriva","Aventura Espacial",CalmModule,0
1779969157884,CALM,0.16987726,0.4467837,0.03246399,0.7023604,0.47034302,0.5318881,0.8885086,0.05562435,1.0,-3.3122253,-0.52337646,-0.010681152,0.015380859,1.0116577,0,0,0,0,"Estado relajado — listo para interactuar",1,"Nave en Deriva","Aventura Espacial",CalmModule,0
1779969158134,CALM,0.18009818,0.44284043,0.035550173,0.688223,0.46445146,0.5172282,0.873254,0.08633731,1.0,-2.5570679,-0.5682373,-0.011474609,0.013916016,1.0042725,0,0,0,0,"Estado relajado — listo para interactuar",1,"Nave en Deriva","Aventura Espacial",CalmModule,0
1779969158384,CALM,0.18857409,0.43803558,0.046380654,0.6783624,0.46304792,0.55317754,0.8716154,0.13546103,1.0,-2.3776245,-0.6729126,-0.012756348,0.011657715,1.0090942,0,0,0,0,"Estado relajado — listo para interactuar",1,"Nave en Deriva","Aventura Espacial",CalmModule,1
1779969158634,CALM,0.1969111,0.42870525,0.057431284,0.6756346,0.45584804,0.5806139,0.87410545,0.15123639,1.0,-2.3103333,-0.31402588,-0.011291504,0.015930176,1.0070801,0,0,0,0,"Estado relajado — listo para interactuar",1,"Nave en Deriva","Aventura Espacial",CalmModule,1
1779969158884,CALM,0.20596543,0.41427737,0.06892508,0.6224718,0.45431978,0.60673773,0.8905423,0.15812235,1.0,-2.4897766,-0.5458069,-0.010803223,0.01751709,1.0059814,1,0,0,0,"Estado relajado — listo para interactuar",1,"Nave en Deriva","Aventura Espacial",CalmModule,1
1779969159134,NEUTRAL,0.21557596,0.39294916,0.081247255,0.5357862,0.4401031,0.6237075,0.91214126,0.16454694,1.0,-2.9084778,-0.6654358,-0.0072021484,0.012268066,1.0079956,0,0,0,0,"Estado relajado — listo para interactuar",1,"Nave en Deriva","Aventura Espacial",CalmModule,1
1779969159384,NEUTRAL,0.22519952,0.36332247,0.09391856,0.39209864,0.42260692,0.6704925,0.9119312,0.15268463,1.0,-2.512207,-0.5682373,-0.007873535,0.016052246,1.0091553,0,0,0,0,"Estado relajado — listo para interactuar",1,"Nave en Deriva","Aventura Espacial",CalmModule,1
1779969159634,NEUTRAL,0.22787745,0.34146473,0.10402822,0.5458983,0.42325124,0.77785563,0.95168936,0.13598327,1.0,-2.7215576,-0.93460083,-0.0052490234,0.013977051,1.0105591,1,0,0,0,"Estado relajado — listo para interactuar",1,"Nave en Deriva","Aventura Espacial",CalmModule,1
1779969159884,NEUTRAL,0.22177105,0.33214974,0.1039182,0.6262735,0.4171538,0.8556864,1.0259244,0.094913214,1.0,-2.4822998,-0.74020386,-0.004638672,0.0154418945,1.0100708,0,0,0,0,"Estado relajado — listo para interactuar",2,"El Robot Guardián","Aventura Espacial",YesNoModule,1
1779969160134,NEUTRAL,0.21593656,0.32000208,0.10277356,0.62891704,0.42667717,0.87967634,1.043296,0.04841738,1.0,-1.4131165,-5.188904,-0.012756348,0.012817383,1.0109863,0,0,0,0,"Neutral — sin seguimiento",2,"El Robot Guardián","Aventura Espacial",YesNoModule,1
1779969160384,NEUTRAL,0.21064469,0.3085321,0.09370405,0.62891704,0.43230814,0.8946126,1.0490828,-0.0025193263,1.0,-6.504822,-2.4449158,-0.0048217773,-0.014709473,1.0046387,0,0,0,0,"Neutral — sin seguimiento",2,"El Robot Guardián","Aventura Espacial",YesNoModule,1
1779969160634,NEUTRAL,0.20415358,0.2977503,0.08378725,0.6327875,0.4077397,0.9042268,1.0655203,-0.064181894,1.0,-2.9907227,-0.24673462,0.0012207031,-0.012145996,1.0129395,0,0,0,0,"Neutral — sin seguimiento",2,"El Robot Guardián","Aventura Espacial",YesNoModule,1
1779969160885,NEUTRAL,0.19775578,0.28893933,0.07295676,0.6331636,0.3917224,0.90627,1.0556053,-0.0294863,1.0,-3.1776428,0.28411865,0.008361816,0.0029296875,1.0091553,0,0,0,0,"Neutral — sin seguimiento",2,"El Robot Guardián","Aventura Espacial",YesNoModule,1
1779969161134,NEUTRAL,0.19272855,0.28061894,0.06883267,0.625591,0.40552142,0.8422415,0.9015272,0.009071135,1.5,-2.3851013,-0.5308533,0.009460449,0.0017700195,1.010437,0,0,0,0,"Neutral — sin seguimiento",2,"El Robot Guardián","Aventura Espacial",YesNoModule,1
1779969161384,NEUTRAL,0.1920904,0.28368154,0.05733887,0.5253421,0.30681288,0.5790993,0.73374915,-0.0896931,1.0,-2.8785706,-0.24673462,0.0056762695,0.006958008,1.0077515,0,0,0,0,"Neutral — sin seguimiento",2,"El Robot Guardián","Aventura Espacial",YesNoModule,1
1779969161634,NEUTRAL,0.19169003,0.29082057,0.045016702,0.4864627,0.28756094,0.5422033,0.6746144,-0.09994266,1.0,-2.362671,-0.6654358,0.008361816,0.0072631836,1.0110474,0,0,0,0,"Neutral — sin seguimiento",2,"El Robot Guardián","Aventura Espacial",YesNoModule,1
1779969161884,NEUTRAL,0.18812644,0.3076514,0.0323454,0.57139856,0.2839497,0.59671307,0.7091187,-0.09019126,1.0,-2.0635986,-0.74768066,0.0076293945,0.008911133,1.0109253,0,0,0,0,"Neutral — sin seguimiento",2,"El Robot Guardián","Aventura Espacial",YesNoModule,1
1779969162134,NEUTRAL,0.1871857,0.3221534,0.022235738,0.62261474,0.28597516,0.6267422,0.6786201,-0.078920156,1.0,-2.549591,-0.4336548,0.008239746,0.010681152,1.0087891,0,0,0,0,"Neutral — sin seguimiento",2,"El Robot Guardián","Aventura Espacial",YesNoModule,1
1779969162384,NEUTRAL,0.1887619,0.33435196,0.014081677,0.6146132,0.28533435,0.63031876,0.64623827,-0.07796225,1.0,-2.011261,-0.6430054,0.006652832,0.0059814453,1.0084229,0,0,0,0,"Neutral — sin seguimiento",2,"El Robot Guardián","Aventura Espacial",YesNoModule,1
1779969162635,NEUTRAL,0.19053014,0.3473321,0.006926538,0.6263672,0.2976082,0.6339398,0.6338747,-0.07616236,1.0,-2.2280884,-0.20187378,0.004272461,0.011413574,1.0064697,0,0,0,0,"Neutral — sin seguimiento",2,"El Robot Guardián","Aventura Espacial",YesNoModule,1
1779969162885,NEUTRAL,0.19130808,0.3592713,0.006926538,0.62336993,0.2939742,0.6189827,0.6408419,-0.07964238,1.0,1.9963074,-2.474823,-0.0015258789,0.011230469,1.0072632,0,0,0,0,"Neutral — sin seguimiento",2,"El Robot Guardián","Aventura Espacial",YesNoModule,1
1779969163134,NEUTRAL,0.19230855,0.3713822,0.006926538,0.66481817,0.31219488,0.6631638,0.75061554,-0.08154904,1.0,-1.8243408,-0.10467529,-0.008972168,0.0021972656,1.0042114,1,0,0,0,"Neutral — sin seguimiento",2,"El Robot Guardián","Aventura Espacial",YesNoModule,1
1779969163384,NEUTRAL,0.18947554,0.38279498,0.006926538,0.79367375,0.32697338,0.8480578,0.9775026,-0.08874966,1.0,-1.7196655,3.1925964,-4.8828125E-4,0.03161621,1.006897,0,0,0,0,"Neutral — sin seguimiento",2,"El Robot Guardián","Aventura Espacial",YesNoModule,0
1779969163634,NEUTRAL,0.18458346,0.39074528,0.0,0.8015934,0.33037135,0.9460939,1.137663,-0.10542599,1.0,-1.547699,2.4224854,-0.029052734,0.07086182,1.0164795,0,0,0,0,"Neutral — sin seguimiento",2,"El Robot Guardián","Aventura Espacial",YesNoModule,0
1779969163884,NEUTRAL,0.17413107,0.38956413,0.0,0.796752,0.31424928,0.97241986,1.1920072,-0.11545647,1.0,-1.5402222,-1.5551758,-0.009277344,0.03717041,0.996521,0,0,0,0,"Neutral — sin seguimiento",2,"El Robot Guardián","Aventura Espacial",YesNoModule,0
1779969164134,NEUTRAL,0.16209146,0.38821447,0.0,0.7960088,0.2883957,0.9908868,1.2263896,-0.13275108,1.0,-2.0411682,4.067383,-0.013427734,0.05303955,1.0073242,0,0,0,0,"Neutral — sin seguimiento",2,"El Robot Guardián","Aventura Espacial",YesNoModule,0
1779969164385,NEUTRAL,0.15266296,0.38426474,0.0,0.79620355,0.27898657,0.99036455,1.229806,-0.14204504,1.0,-3.671112,-2.0785522,-0.007019043,0.045654297,1.0095825,0,0,0,0,"Neutral — sin seguimiento",2,"El Robot Guardián","Aventura Espacial",YesNoModule,0
1779969164634,NEUTRAL,0.1446264,0.37883788,0.0,0.7960988,0.2771088,0.9863994,1.2276696,-0.14454293,1.0,83.246765,-4.6954346,0.02911377,0.051330566,1.0362549,0,0,0,0,"Neutral — sin seguimiento",2,"El Robot Guardián","Aventura Espacial",YesNoModule,0
1779969164885,NEUTRAL,0.13761322,0.37967739,0.0,0.78824085,0.24578507,0.8552941,1.1447557,-0.14609024,1.0,-131.95068,6.6394043,-0.13000488,0.006591797,0.9143677,0,0,1,0,"Neutral — sin seguimiento",2,"El Robot Guardián","Aventura Espacial",YesNoModule,1
1779969165134,NEUTRAL,0.13712858,0.38060287,0.0,0.5849587,0.23501436,0.5779456,1.0579512,-0.14865284,1.0,112.38388,-5.869293,-0.10015869,0.018676758,0.96624756,0,0,0,0,"Neutral — sin seguimiento",2,"El Robot Guardián","Aventura Espacial",YesNoModule,1
1779969165384,NEUTRAL,0.13532281,0.3818355,0.0,0.63490605,0.24930204,0.62369204,1.1093118,-0.15112436,1.0,-20.13504,-0.50094604,-0.05090332,0.08337402,1.0349731,0,0,0,0,"Neutral — sin seguimiento",2,"El Robot Guardián","Aventura Espacial",YesNoModule,1
1779969165634,NEUTRAL,0.1336996,0.38089937,0.0,0.6401262,0.2569558,0.67491454,1.1718488,-0.16192685,1.5,-5.757141,1.742096,-0.077819824,0.0635376,0.9984741,1,0,0,0,"Neutral — sin seguimiento",2,"El Robot Guardián","Aventura Espacial",YesNoModule,1
1779969165884,NEUTRAL,0.13619049,0.37970135,0.0,0.62960786,0.24806362,0.68462676,1.2077875,-0.16847889,1.5,-3.940277,1.6374207,-0.038146973,0.08105469,1.0053711,0,0,0,0,"Neutral — sin seguimiento",2,"El Robot Guardián","Aventura Espacial",YesNoModule,1
1779969166134,NEUTRAL,0.13944148,0.38124287,0.0,0.62960786,0.24184167,0.7133664,1.2500348,-0.16685341,1.5,-4.598236,-1.8841553,-0.0076293945,0.05316162,1.0070801,0,0,0,0,"Neutral — sin seguimiento",2,"El Robot Guardián","Aventura Espacial",YesNoModule,1
1779969166384,NEUTRAL,0.14314936,0.3819531,0.0,0.6429196,0.27185264,0.7721457,1.2711388,-0.17525128,1.5,0.31402588,-0.94207764,-0.018432617,0.06738281,1.010437,0,0,0,0,"Neutral — sin seguimiento",2,"El Robot Guardián","Aventura Espacial",YesNoModule,1
1779969166634,NEUTRAL,0.14760834,0.3851901,0.0,0.6669403,0.27075228,0.75695664,1.2342046,-0.1673911,1.5,-78.73825,4.8599243,-0.12249756,0.018615723,1.0142212,0,0,0,0,"Neutral — sin seguimiento",2,"El Robot Guardián","Aventura Espacial",YesNoModule,1
1779969166884,NEUTRAL,0.15251653,0.3912609,0.0,0.6641016,0.24245422,0.69092333,1.1099744,-0.18459383,1.5,44.666443,-10.624542,0.6038208,0.10998535,1.020935,1,0,1,0,"Neutral — sin seguimiento",2,"El Robot Guardián","Aventura Espacial",YesNoModule,1
1779969167134,NEUTRAL,0.16065027,0.3934208,0.0,0.5319635,0.23412412,0.60507447,1.0330926,-0.17169733,1.5,-8.979645,1.0617065,-0.18231201,-0.0060424805,0.9213867,0,0,0,0,"Neutral — sin seguimiento",2,"El Robot Guardián","Aventura Espacial",YesNoModule,1
1779969167384,NEUTRAL,0.16390213,0.39077386,0.0,0.6543325,0.24765249,0.7449909,1.0987556,-0.13543072,1.5,0.5757141,3.0056763,-0.03845215,0.045043945,1.0043945,0,0,0,0,"Neutral — sin seguimiento",2,"El Robot Guardián","Aventura Espacial",YesNoModule,1
1779969167634,NEUTRAL,0.15896598,0.38537136,0.0,0.6714107,0.24677536,0.82431823,1.1664367,-0.114689514,1.5,-3.7309265,-0.50094604,-0.0022583008,0.07067871,1.0204468,0,0,0,0,"Neutral — sin seguimiento",2,"El Robot Guardián","Aventura Espacial",YesNoModule,1
1779969167884,NEUTRAL,0.15437458,0.38047913,0.0,0.70374537,0.23761944,0.83711976,1.1963147,-0.106955305,1.5,-2.9084778,-2.474823,-0.015197754,0.061401367,1.0046997,0,0,0,0,"Neutral — sin seguimiento",2,"El Robot Guardián","Aventura Espacial",YesNoModule,1
1779969168134,NEUTRAL,0.15060717,0.3777192,0.0,0.71198225,0.24781495,0.83865434,1.1971909,-0.10121827,1.5,-10.168457,1.353302,-0.022216797,0.05596924,0.99884033,0,0,0,0,"Neutral — sin seguimiento",2,"El Robot Guardián","Aventura Espacial",YesNoModule,1
1779969168386,NEUTRAL,0.14727916,0.37632212,0.0,0.7163943,0.2513365,0.8309928,1.1919761,-0.09702824,1.5,-7.46933,-8.717957,0.5886841,0.09234619,0.9981079,0,0,0,0,"Neutral — sin seguimiento",2,"El Robot Guardián","Aventura Espacial",YesNoModule,1
1779969168634,NEUTRAL,0.14447606,0.37591547,0.0,0.7310873,0.2620542,0.848643,1.2162004,-0.08885309,1.5,81.68411,-7.005768,-0.14038086,0.016174316,0.90734863,0,0,0,0,"Neutral — sin seguimiento",2,"El Robot Guardián","Aventura Espacial",YesNoModule,1
1779969168884,NEUTRAL,0.1418808,0.3776331,0.0,0.7310873,0.2593856,0.8478884,1.2248781,-0.10287031,1.5,-33.697968,5.615082,-0.16772461,0.053344727,1.0078125,0,0,1,0,"Neutral — sin seguimiento",2,"El Robot Guardián","Aventura Espacial",YesNoModule,1
1779969169134,NEUTRAL,0.1423378,0.3808566,0.0,0.6780018,0.25926405,0.6970372,1.1555715,-0.12450603,2.0,-14.684448,-1.547699,0.22058105,0.08514404,0.99938965,0,0,0,0,"Neutral — sin seguimiento",2,"El Robot Guardián","Aventura Espacial",YesNoModule,0
1779969169384,NEUTRAL,0.14532639,0.38361105,0.0,0.6488808,0.27549705,0.58601016,1.048905,-0.13925193,2.0,13.458252,-2.123413,0.020263672,0.07080078,0.99572754,0,0,0,0,"Neutral — sin seguimiento",2,"El Robot Guardián","Aventura Espacial",YesNoModule,0
1779969169634,NEUTRAL,0.1462278,0.38898665,0.0,0.62028885,0.2842528,0.5680227,1.0096943,-0.12955575,2.0,0.3215027,-1.0093689,0.043273926,0.043273926,1.0022583,0,0,0,0,"Neutral — sin seguimiento",2,"El Robot Guardián","Aventura Espacial",YesNoModule,0
1779969169884,NEUTRAL,0.15127638,0.39546892,0.0,0.64423877,0.2957706,0.5442853,0.9738573,-0.09411197,1.5,-2.168274,-0.84487915,0.030578613,0.05206299,1.0061035,0,0,0,0,"Neutral — sin seguimiento",2,"El Robot Guardián","Aventura Espacial",YesNoModule,0
1779969170134,NEUTRAL,0.15823293,0.40155628,0.0,0.6196526,0.3078336,0.575431,0.9789733,-0.08523354,1.5,-2.0037842,-1.5551758,0.0357666,0.047607422,1.0042725,1,0,0,0,"Neutral — sin seguimiento",2,"El Robot Guardián","Aventura Espacial",YesNoModule,0
1779969170384,NEUTRAL,0.16359308,0.40534732,0.0,0.6601706,0.30506918,0.66404134,1.0531973,-0.09961396,1.5,4.4337463,5.764618,0.097473145,0.07128906,0.99468994,0,0,0,0,"Neutral — sin seguimiento",2,"El Robot Guardián","Aventura Espacial",YesNoModule,0
1779969170634,NEUTRAL,0.16841802,0.4086132,0.0,0.66696036,0.30520272,0.68035555,1.068029,-0.106842995,2.0,13.308716,-13.114319,-0.018432617,0.06524658,1.0418091,0,0,0,0,"Neutral — sin seguimiento",2,"El Robot Guardián","Aventura Espacial",YesNoModule,0
1779969170884,CALM,0.17317103,0.41177928,0.0,0.66696036,0.3026774,0.6704701,1.0597842,-0.111205295,2.0,2.437439,-3.050537,-0.12402344,0.091918945,1.0003662,1,0,0,0,"Estado relajado — listo para interactuar",2,"El Robot Guardián","Aventura Espacial",YesNoModule,0
1779969171134,CALM,0.17807008,0.41502774,0.0,0.66696036,0.3026774,0.6704701,1.0597842,-0.111205295,2.0,0.4560852,10.4600525,-0.068847656,0.15270996,0.92510986,0,0,0,0,"Estado relajado — listo para interactuar",2,"El Robot Guardián","Aventura Espacial",YesNoModule,0
1779969171384,CALM,0.18225355,0.4172341,0.0,0.6774775,0.30432403,0.7095494,1.0825152,-0.119445935,2.0,5.644989,8.299255,-0.0927124,0.070495605,0.9845581,0,0,0,0,"Estado relajado — listo para interactuar",2,"El Robot Guardián","Aventura Espacial",YesNoModule,0
1779969171635,CALM,0.18280673,0.4150761,0.0,0.6771108,0.29675025,0.7353903,1.104689,-0.13624682,2.0,-7.073059,-10.32547,-0.17401123,0.24798584,0.98339844,0,0,0,0,"Estado relajado — listo para interactuar",2,"El Robot Guardián","Aventura Espacial",YesNoModule,0
1779969171885,NEUTRAL,0.180492,0.40959492,0.0,0.66556114,0.2923195,0.7423183,1.1064026,-0.14795452,2.0,5.450592,1.0093689,-0.19744873,0.1616211,0.9732666,1,0,0,0,"Estado relajado — listo para interactuar",2,"El Robot Guardián","Aventura Espacial",YesNoModule,0
1779969172135,NEUTRAL,0.17702626,0.4052192,0.0,0.66556114,0.2923195,0.7423183,1.1064026,-0.14795452,2.0,-3.715973,-9.757233,-0.11602783,0.10253906,0.9647217,0,0,0,0,"Estado relajado — listo para interactuar",2,"El Robot Guardián","Aventura Espacial",YesNoModule,0
1779969172384,NEUTRAL,0.17344803,0.4020937,0.0,0.67017454,0.26759958,0.6770556,1.019357,-0.16680297,2.0,-94.49936,-7.2450256,-0.19525146,0.11090088,0.9335327,1,0,0,0,"Estado relajado — listo para interactuar",2,"El Robot Guardián","Aventura Espacial",YesNoModule,0
1779969172635,NEUTRAL,0.16787031,0.3978926,0.0,0.67266124,0.26809448,0.7743907,1.2355386,-0.19616142,2.0,116.309204,-5.383301,0.33215332,0.13787842,1.0065308,0,0,1,0,"Estado relajado — listo para interactuar",2,"El Robot Guardián","Aventura Espacial",YesNoModule,1
1779969172884,NEUTRAL,0.1645575,0.397661,0.0,0.70000476,0.25912783,0.74220973,1.2424179,-0.2053647,2.0,-36.613922,4.3141174,-0.16314697,0.06378174,0.9801636,0,0,0,0,"Estado relajado — listo para interactuar",2,"El Robot Guardián","Aventura Espacial",YesNoModule,1
1779969173134,NEUTRAL,0.16163135,0.39768854,0.0,0.70000476,0.25912783,0.74220973,1.2424179,-0.2053647,2.0,-1.0467529,1.5252686,-0.06713867,0.05480957,1.0078735,0,0,0,0,"Estado relajado — listo para interactuar",2,"El Robot Guardián","Aventura Espacial",YesNoModule,1
1779969173384,NEUTRAL,0.1586226,0.39728847,0.0,0.70000476,0.25912783,0.74220973,1.2424179,-0.2053647,1.5,-2.8860474,0.35888672,-0.04107666,0.054870605,1.0084229,0,0,0,0,"Estado relajado — listo para interactuar",2,"El Robot Guardián","Aventura Espacial",YesNoModule,1
1779969173635,NEUTRAL,0.15561385,0.39688843,0.0,0.70000476,0.25912783,0.74220973,1.2424179,-0.2053647,1.5,-2.31781,-0.6729126,-0.061584473,0.052001953,1.0015869,0,0,0,0,"Estado relajado — listo para interactuar",2,"El Robot Guardián","Aventura Espacial",YesNoModule,1
1779969173884,NEUTRAL,0.15316384,0.39648092,0.0,0.69868225,0.2621256,0.76310426,1.2697675,-0.18181576,2.0,-1.2411499,-0.5607605,-0.078186035,0.056518555,1.0081177,0,0,0,0,"Estado relajado — listo para interactuar",2,"El Robot Guardián","Aventura Espacial",YesNoModule,1
1779969174135,NEUTRAL,0.15167172,0.39681888,0.0,0.6840737,0.2581953,0.7496902,1.2636734,-0.14327528,2.0,-2.4822998,-0.6430054,-0.07281494,0.058044434,1.0083008,1,0,0,0,"Estado relajado — listo para interactuar",2,"El Robot Guardián","Aventura Espacial",YesNoModule,1
1779969174384,NEUTRAL,0.15070789,0.39906508,0.0,0.6840737,0.25935575,0.7236391,1.2302476,-0.1373028,1.5,-3.2000732,-1.3682556,-0.06085205,0.06378174,1.0107422,0,0,0,0,"Estado relajado — listo para interactuar",2,"El Robot Guardián","Aventura Espacial",YesNoModule,1
1779969174634,NEUTRAL,0.15453592,0.40373677,0.0,0.5836005,0.2524926,0.52068967,1.0110947,-0.10342421,1.5,-2.1832275,-0.85983276,-0.072753906,0.05340576,1.0068359,0,0,0,0,"Estado relajado — listo para interactuar",2,"El Robot Guardián","Aventura Espacial",YesNoModule,1
1779969174884,NEUTRAL,0.15680961,0.40529054,0.0,0.6203763,0.25818044,0.569913,0.97715485,-0.111013375,1.5,-2.437439,-0.8000183,-0.07086182,0.05657959,1.0080566,0,0,0,0,"Estado relajado — listo para interactuar",2,"El Robot Guardián","Aventura Espacial",YesNoModule,1
1779969175134,CALM,0.1608155,0.4108479,0.0,0.6241371,0.263636,0.5685267,0.95193815,-0.09580272,1.5,-2.8785706,-0.463562,-0.06427002,0.061401367,1.0081177,0,0,0,0,"Estado relajado — listo para interactuar",2,"El Robot Guardián","Aventura Espacial",YesNoModule,1
1779969175385,CALM,0.16493484,0.41418508,0.0,0.6212489,0.25331408,0.54991025,0.9099611,-0.096106164,1.5,-2.362671,-0.39627075,-0.05883789,0.06085205,1.0095825,0,0,0,0,"Estado relajado — listo para interactuar",2,"El Robot Guardián","Aventura Espacial",YesNoModule,1
1779969175634,CALM,0.16909787,0.4181315,0.0,0.6155475,0.24263628,0.5305469,0.8671169,-0.09677141,1.5,-2.6542664,-1.0990906,-0.068725586,0.057678223,1.0043335,0,0,0,0,"Estado relajado — listo para interactuar",2,"El Robot Guardián","Aventura Espacial",YesNoModule,1
1779969175884,CALM,0.17291254,0.42059714,0.0,0.6135394,0.24722311,0.56440204,0.89419127,-0.09118257,1.5,-2.5196838,-1.0766602,-0.06085205,0.055419922,1.0039062,0,0,0,0,"Estado relajado — listo para interactuar",2,"El Robot Guardián","Aventura Espacial",YesNoModule,1
1779969176134,CALM,0.17651202,0.4208107,0.0,0.593397,0.24534337,0.59461737,0.97069514,-0.089740925,1.5,-2.048645,-0.7775879,-0.06085205,0.06048584,1.0067139,0,0,0,0,"Estado relajado — listo para interactuar",2,"El Robot Guardián","Aventura Espacial",YesNoModule,1
1779969176384,CALM,0.18103202,0.42051035,0.0,0.55186945,0.23654236,0.5777372,0.9770159,-0.08826871,1.5,-2.243042,-1.0617065,-0.06530762,0.053833008,1.006958,0,0,0,0,"Estado relajado — listo para interactuar",2,"El Robot Guardián","Aventura Espacial",YesNoModule,1
1779969176635,CALM,0.18442228,0.42248935,0.0,0.5765476,0.21908556,0.5667561,0.97682697,-0.10964501,1.5,-4.4487,0.0074768066,-0.04925537,0.0491333,1.0214844,0,0,0,0,"Estado relajado — listo para interactuar",2,"El Robot Guardián","Aventura Espacial",YesNoModule,1
1779969176884,CALM,0.18671434,0.4230133,0.0,0.60165656,0.23228474,0.6071255,1.00393,-0.11116077,1.5,-4.717865,-3.940277,-0.064331055,0.042236328,1.0111084,1,0,0,0,"Estado relajado — listo para interactuar",2,"El Robot Guardián","Aventura Espacial",YesNoModule,1
1779969177135,CALM,0.18191227,0.4186876,0.0,0.65861195,0.25449264,0.73739415,1.0895591,-0.0971982,1.5,-3.0056763,-0.5906677,-0.040771484,0.038269043,1.0092773,0,0,0,0,"Estado relajado — listo para interactuar",2,"El Robot Guardián","Aventura Espacial",YesNoModule,1
1779969177384,CALM,0.1780821,0.41292655,0.0,0.6452684,0.24587934,0.75430816,1.0866636,-0.1024238,1.5,-1.8692017,-0.17944336,-0.041381836,0.041931152,1.0081177,0,0,0,0,"Estado relajado — listo para interactuar",2,"El Robot Guardián","Aventura Espacial",YesNoModule,1
1779969177634,NEUTRAL,0.1742801,0.40738177,0.0,0.64053357,0.24175633,0.7401365,1.0414487,-0.1084391,1.5,-0.41122437,-3.4991455,-0.055236816,0.037963867,1.0036011,0,0,0,0,"Neutral — sin seguimiento",2,"El Robot Guardián","Aventura Espacial",YesNoModule,1
1779969177884,NEUTRAL,0.17067507,0.40330908,0.0,0.67178667,0.25378478,0.7240793,0.98500174,-0.122896716,1.5,-0.41122437,-0.52337646,-0.057006836,0.041137695,1.0014038,0,0,0,0,"Neutral — sin seguimiento",2,"El Robot Guardián","Aventura Espacial",YesNoModule,1
1779969178135,NEUTRAL,0.16788326,0.40158638,0.0,0.66326576,0.23794168,0.64590377,0.97362036,-0.14382312,1.5,-1.2187195,-0.49346924,-0.050720215,0.03765869,1.0110474,0,0,0,0,"Neutral — sin seguimiento",2,"El Robot Guardián","Aventura Espacial",YesNoModule,1
1779969178385,NEUTRAL,0.16605203,0.40462202,0.0,0.64021355,0.19907822,0.5476539,0.9300682,-0.1411979,1.5,-3.0654907,-2.5047302,-0.0546875,0.04638672,1.0101318,0,0,0,0,"Neutral — sin seguimiento",2,"El Robot Guardián","Aventura Espacial",YesNoModule,1
1779969178635,CALM,0.16457611,0.41181302,0.0,0.6484618,0.19338068,0.5138118,0.88314456,-0.14841036,1.5,-3.484192,-1.8243408,-0.054382324,0.045654297,1.0076904,0,0,0,0,"Neutral — sin seguimiento",2,"El Robot Guardián","Aventura Espacial",YesNoModule,1
1779969178884,CALM,0.16630413,0.41899338,0.0,0.5600136,0.20957974,0.40861768,0.8226454,-0.1593788,1.5,-2.8561401,-2.474823,-0.050109863,0.035583496,1.0072021,0,0,0,0,"Neutral — sin seguimiento",2,"El Robot Guardián","Aventura Espacial",YesNoModule,1
1779969179135,CALM,0.16947928,0.42280513,0.0,0.56807715,0.24229655,0.43767402,0.83074003,-0.16866629,1.5,-3.02063,-1.1738586,-0.051940918,0.047180176,1.0114136,0,0,0,0,"Neutral — sin seguimiento",2,"El Robot Guardián","Aventura Espacial",YesNoModule,1
1779969179385,CALM,0.17330343,0.42534983,0.0,0.5742814,0.26454282,0.481244,0.84409314,-0.18100457,1.5,-2.4598694,-1.4056396,-0.045166016,0.046936035,1.0120239,0,0,0,0,"Neutral — sin seguimiento",2,"El Robot Guardián","Aventura Espacial",YesNoModule,1
1779969179635,CALM,0.17749369,0.43113595,0.0,0.6437714,0.28463414,0.55626875,0.91797686,-0.17980391,1.5,-3.3570862,-0.85983276,-0.045776367,0.043945312,1.0120239,1,0,0,0,"Neutral — sin seguimiento",2,"El Robot Guardián","Aventura Espacial",YesNoModule,1
1779969179885,CALM,0.18061604,0.43565807,0.0,0.6720476,0.30576992,0.65580875,1.0259582,-0.1715895,1.5,-3.4692383,-0.40374756,-0.045288086,0.044799805,1.0146484,0,0,0,0,"Neutral — sin seguimiento",2,"El Robot Guardián","Aventura Espacial",YesNoModule,1
1779969180135,CALM,0.18357879,0.43675318,0.0,0.6627464,0.32967255,0.7109716,1.0907218,-0.17675112,1.5,-2.5346375,-1.1140442,-0.04638672,0.044128418,1.0071411,0,0,0,0,"Neutral — sin seguimiento",2,"El Robot Guardián","Aventura Espacial",YesNoModule,1
1779969180384,CALM,0.1856579,0.43454286,0.0,0.6691802,0.33158362,0.74752676,1.079483,-0.18086389,1.5,-2.3103333,-0.40374756,-0.046691895,0.041748047,1.0023193,0,0,0,0,"Neutral — sin seguimiento",2,"El Robot Guardián","Aventura Espacial",YesNoModule,0
1779969180635,CALM,0.18654354,0.42943966,0.0,0.6615882,0.31469336,0.741764,1.0144405,-0.1723403,1.5,-2.7365112,-1.0093689,-0.04510498,0.04547119,1.0083008,0,0,0,0,"Neutral — sin seguimiento",2,"El Robot Guardián","Aventura Espacial",YesNoModule,0
1779969180885,CALM,0.18764958,0.4252578,0.0,0.66447395,0.2925297,0.6477039,0.95108086,-0.17477866,1.5,-3.3496094,-2.826233,-0.041992188,0.042541504,1.0056152,0,0,0,0,"Neutral — sin seguimiento",2,"El Robot Guardián","Aventura Espacial",YesNoModule,0
1779969181135,CALM,0.18746561,0.42024672,0.0,0.6760588,0.26410684,0.6491127,0.96544456,-0.18071358,1.5,-3.20755,7.2973633,-0.3416748,-0.12359619,0.9110718,0,0,0,0,"Neutral — sin seguimiento",2,"El Robot Guardián","Aventura Espacial",YesNoModule,0
1779969181384,NEUTRAL,0.18739474,0.409604,0.0,0.47280577,0.23384303,0.5571417,0.9156854,-0.20363595,1.5,-18.041534,-164.81125,0.3413086,0.27923584,1.0130005,0,0,0,0,"Neutral — sin seguimiento",2,"El Robot Guardián","Aventura Espacial",YesNoModule,0
1779969181634,NEUTRAL,0.18868585,0.40440002,0.0,0.47280577,0.22566852,0.44355777,0.84489125,-0.21502428,1.5,14.579773,123.92807,-0.5779419,-0.152771,0.8887329,1,0,0,1,"Neutral — sin seguimiento",2,"El Robot Guardián","Aventura Espacial",YesNoModule,1
1779969181885,NEUTRAL,0.19080882,0.39960387,0.0,0.4447866,0.22694658,0.43429115,0.8621149,-0.21139868,1.5,-5.7870483,-70.52872,0.19348145,0.15551758,1.0651245,0,0,0,0,"Neutral — sin seguimiento",2,"El Robot Guardián","Aventura Espacial",YesNoModule,1
1779969182134,NEUTRAL,0.19486834,0.39241424,0.0,0.4222841,0.22249348,0.447563,0.8995564,-0.21042058,1.5,-2.0561218,9.293671,-0.046081543,0.05822754,1.0032349,0,0,0,0,"Neutral — sin seguimiento",2,"El Robot Guardián","Aventura Espacial",YesNoModule,1
1779969182384,NEUTRAL,0.1986123,0.3868855,0.0,0.4218198,0.19935751,0.48607332,0.9465936,-0.20097989,1.5,-2.8486633,-1.6822815,0.0017089844,0.050231934,1.0081787,1,0,0,0,"Neutral — sin seguimiento",2,"El Robot Guardián","Aventura Espacial",YesNoModule,1
1779969182635,NEUTRAL,0.20107362,0.38369024,0.0,0.4173069,0.17732081,0.5102279,0.99136376,-0.19320475,1.5,-1.5252686,-0.9046936,-0.0032958984,0.050964355,1.005127,0,0,0,0,"Neutral — sin seguimiento",2,"El Robot Guardián","Aventura Espacial",YesNoModule,1
1779969182884,NEUTRAL,0.20422669,0.38159457,0.0,0.4173069,0.17732081,0.5102279,0.99136376,-0.19320475,2.0,-1.6374207,-0.84487915,-0.013549805,0.04449463,1.0109253,0,0,0,0,"Neutral — sin seguimiento",2,"El Robot Guardián","Aventura Espacial",YesNoModule,1
1779969183134,NEUTRAL,0.20771627,0.3794325,0.0,0.4173069,0.17732081,0.5102279,0.99136376,-0.19320475,1.5,-1.9888306,2.3327637,-0.0012207031,0.043518066,1.0088501,0,0,0,0,"Neutral — sin seguimiento",2,"El Robot Guardián","Aventura Espacial",YesNoModule,1
1779969183384,NEUTRAL,0.21037324,0.37307155,0.0,0.4173069,0.17732081,0.5102279,0.99136376,-0.19320475,1.5,-2.7215576,-0.82244873,-0.013122559,0.045532227,1.0028076,0,0,0,0,"Neutral — sin seguimiento",2,"El Robot Guardián","Aventura Espacial",YesNoModule,1
1779969183635,NEUTRAL,0.21114577,0.36644492,0.0,0.53655994,0.21705161,0.6411401,1.0854883,-0.13039395,1.5,-2.0635986,-0.61309814,-0.0063476562,0.045959473,1.0082397,0,0,0,0,"Neutral — sin seguimiento",2,"El Robot Guardián","Aventura Espacial",YesNoModule,1
1779969183884,NEUTRAL,0.20794158,0.36768547,0.0,0.5368719,0.20995855,0.6255971,1.0884147,-0.11811451,2.0,-2.2654724,-1.5925598,-0.020996094,0.04296875,1.0054932,0,0,0,0,"Neutral — sin seguimiento",2,"El Robot Guardián","Aventura Espacial",YesNoModule,1
1779969184134,NEUTRAL,0.20316707,0.3654002,0.0,0.5368719,0.21240094,0.6083137,1.0689087,-0.12044395,2.0,-3.633728,-1.4654541,-0.02142334,0.04864502,1.0129395,0,0,0,0,"Neutral — sin seguimiento",2,"El Robot Guardián","Aventura Espacial",YesNoModule,1
1779969184384,NEUTRAL,0.19807807,0.36492428,0.0,0.5368719,0.21818599,0.591378,1.0458099,-0.12077367,1.5,-3.1103516,4.4561768,0.081604004,0.07159424,1.0192261,0,0,0,0,"Neutral — sin seguimiento",2,"El Robot Guardián","Aventura Espacial",YesNoModule,1
1779969184634,NEUTRAL,0.19247279,0.36806023,0.0,0.58586526,0.23229231,0.60236627,0.9720475,-0.14822197,1.5,0.8000183,86.52161,-0.23168945,-0.06378174,0.9543457,0,0,0,0,"Neutral — sin seguimiento",2,"El Robot Guardián","Aventura Espacial",YesNoModule,1
1779969184884,NEUTRAL,0.18948562,0.37298748,0.0,0.58899784,0.24692838,0.5773782,0.9852471,-0.13579898,1.5,-13.772278,-151.1586,0.36645508,0.36035156,1.078125,1,0,0,1,"Neutral — sin seguimiento",2,"El Robot Guardián","Aventura Espacial",YesNoModule,1
1779969185134,NEUTRAL,0.18961774,0.37690356,0.0,0.53407764,0.25148705,0.539695,0.9559544,-0.13549058,2.0,11.955414,203.54858,-0.038024902,0.105285645,0.96875,0,0,0,0,"Neutral — sin seguimiento",2,"El Robot Guardián","Aventura Espacial",YesNoModule,1
1779969185386,NEUTRAL,0.19100955,0.38019097,0.0,0.51070625,0.26089138,0.51638883,0.9041962,-0.13718204,2.0,-8.6805725,-137.03491,0.03967285,0.13214111,1.0098267,1,0,0,0,"Neutral — sin seguimiento",2,"El Robot Guardián","Aventura Espacial",YesNoModule,1
1779969185634,NEUTRAL,0.19250643,0.38280424,0.0,0.5059145,0.26579055,0.52544177,0.9163303,-0.1313337,2.0,2.168274,74.92508,-0.0030517578,0.12249756,1.0007935,0,0,0,0,"Neutral — sin seguimiento",2,"El Robot Guardián","Aventura Espacial",YesNoModule,0
1779969185884,NEUTRAL,0.19509625,0.38384378,0.0,0.4789693,0.27824777,0.52199376,0.93948865,-0.122492574,2.5,-5.3533936,-15.402222,0.008911133,0.06677246,1.0154419,0,0,0,0,"Neutral — sin seguimiento",2,"El Robot Guardián","Aventura Espacial",YesNoModule,0
1779969186134,NEUTRAL,0.2018517,0.3826807,0.0,0.44837356,0.28534958,0.5110964,0.9375345,-0.11711597,2.0,-1.9963074,2.818756,-0.007873535,0.06774902,1.0045166,1,0,0,0,"Neutral — sin seguimiento",2,"El Robot Guardián","Aventura Espacial",YesNoModule,0
1779969186384,NEUTRAL,0.2085607,0.38079402,0.0,0.44837356,0.28534958,0.5110964,0.9375345,-0.11711597,1.5,-2.280426,-2.3776245,0.0025634766,0.07220459,1.0045776,0,0,0,0,"Neutral — sin seguimiento",2,"El Robot Guardián","Aventura Espacial",YesNoModule,0
1779969186634,NEUTRAL,0.21487199,0.3782757,0.0,0.44837356,0.28534958,0.5110964,0.9375345,-0.11711597,1.5,-2.9608154,-1.9813538,-0.0043945312,0.0690918,1.0068359,0,0,0,0,"Neutral — sin seguimiento",2,"El Robot Guardián","Aventura Espacial",YesNoModule,0
1779969186884,NEUTRAL,0.22256303,0.3768526,0.0,0.43995243,0.2896315,0.44313657,1.0241457,-0.10154956,1.5,-17.877045,-107.0903,-0.0670166,0.13378906,1.0430908,0,0,0,0,"Neutral — sin seguimiento",2,"El Robot Guardián","Aventura Espacial",YesNoModule,0
1779969187134,NEUTRAL,0.2296981,0.37308338,0.0,0.44523185,0.28034502,0.4679756,1.0533235,-0.112810105,1.5,7.9029846,207.2496,0.25976562,0.31860352,1.057312,0,0,0,1,"Neutral — sin seguimiento",2,"El Robot Guardián","Aventura Espacial",YesNoModule,1
1779969187384,NEUTRAL,0.23566853,0.36838567,0.0,0.44523185,0.27592412,0.47220966,1.0666012,-0.11470045,1.5,-16.628418,-107.65106,-0.34539795,-0.07385254,0.9326172,1,0,0,0,"Neutral — sin seguimiento",2,"El Robot Guardián","Aventura Espacial",YesNoModule,1
1779969187636,NEUTRAL,0.23978944,0.36541304,0.0,0.44523185,0.27592412,0.47220966,1.0666012,-0.11470045,1.5,1.3682556,41.683197,0.13677979,0.14807129,1.0183105,0,0,0,0,"Neutral — sin seguimiento",2,"El Robot Guardián","Aventura Espacial",YesNoModule,1
1779969187884,NEUTRAL,0.24265066,0.36306915,0.0,0.44523185,0.27592412,0.47220966,1.0666012,-0.11470045,1.5,-1.547699,-0.29159546,0.08465576,0.07562256,1.0221558,0,0,0,0,"Neutral — sin seguimiento",2,"El Robot Guardián","Aventura Espacial",YesNoModule,1
1779969188134,NEUTRAL,0.24556606,0.36032724,0.0,0.43183148,0.2782689,0.4818591,1.07925,-0.11843808,2.0,4.1271973,0.8822632,0.032958984,0.05609131,1.0014648,1,0,0,0,"Neutral — sin seguimiento",2,"El Robot Guardián","Aventura Espacial",YesNoModule,1
1779969188384,NEUTRAL,0.24731988,0.35675934,0.0,0.39260605,0.2683222,0.49928892,1.0985163,-0.13134626,1.5,8.134766,6.4300537,-0.02722168,0.0413208,1.0090942,0,0,0,0,"Neutral — sin seguimiento",2,"El Robot Guardián","Aventura Espacial",YesNoModule,1
1779969188634,NEUTRAL,0.2479424,0.35458577,0.0,0.39260605,0.2683222,0.49928892,1.0985163,-0.13134626,1.5,-0.08972168,-1.547699,-0.047424316,0.032836914,1.0144043,1,0,0,0,"Neutral — sin seguimiento",2,"El Robot Guardián","Aventura Espacial",YesNoModule,1
1779969188884,NEUTRAL,0.24856493,0.35241216,0.0,0.39260605,0.2683222,0.49928892,1.0985163,-0.13134626,1.5,0.0074768066,-0.84487915,-0.04827881,0.040771484,1.0128784,0,0,0,0,"Neutral — sin seguimiento",2,"El Robot Guardián","Aventura Espacial",YesNoModule,1
1779969189134,NEUTRAL,0.24918745,0.3502386,0.0,0.39260605,0.2683222,0.49928892,1.0985163,-0.13134626,1.5,-6.848755,-5.988922,-0.042419434,0.03564453,1.0183105,0,0,0,0,"Neutral — sin seguimiento",2,"El Robot Guardián","Aventura Espacial",YesNoModule,1
1779969189384,NEUTRAL,0.24792254,0.3464111,0.0,0.39260605,0.2683222,0.49928892,1.0985163,-0.13134626,1.5,-0.94955444,5.9664917,-0.059692383,0.038879395,1.0112915,1,0,0,0,"Neutral — sin seguimiento",2,"El Robot Guardián","Aventura Espacial",YesNoModule,1
1779969189634,NEUTRAL,0.23685819,0.3462804,0.0,0.59296435,0.17563286,0.7281458,1.2383907,-0.18677644,1.5,-4.3888855,-8.71048,-0.025634766,0.038330078,1.0137329,0,0,0,0,"Neutral — sin seguimiento",2,"El Robot Guardián","Aventura Espacial",YesNoModule,1
1779969189884,NEUTRAL,0.22697449,0.34605944,0.0,0.5977586,0.20916331,0.7278525,1.2319337,-0.15998368,1.5,-1.0916138,-6.8263245,-0.02758789,0.045959473,1.0132446,0,0,0,0,"Neutral — sin seguimiento",2,"El Robot Guardián","Aventura Espacial",YesNoModule,1
1779969190134,NEUTRAL,0.21818507,0.3472646,0.0,0.60405076,0.22964215,0.69441986,1.2015978,-0.15591384,1.5,-3.865509,-1.7944336,-0.019165039,0.045715332,1.0171509,0,0,0,0,"Neutral — sin seguimiento",2,"El Robot Guardián","Aventura Espacial",YesNoModule,1
1779969190385,NEUTRAL,0.20675145,0.34817868,0.0,0.7223192,0.27235937,0.8426939,1.1383455,-0.07303278,1.5,-3.095398,0.85235596,-0.04437256,0.04119873,1.0009766,1,0,0,0,"Neutral — sin seguimiento",2,"El Robot Guardián","Aventura Espacial",YesNoModule,1
1779969190634,NEUTRAL,0.19610009,0.35199174,0.0,0.7217135,0.2808082,0.79629374,1.0859371,-0.09136246,1.5,-4.142151,1.4579773,-0.01739502,0.04248047,1.0181274,0,0,0,0,"Neutral — sin seguimiento",2,"El Robot Guardián","Aventura Espacial",YesNoModule,1
1779969190884,NEUTRAL,0.18718188,0.35566688,0.0,0.6335199,0.26977053,0.7452173,1.0471873,-0.11852642,1.5,13.069458,8.104858,-0.15246582,-7.9345703E-4,0.9891968,0,0,0,0,"Neutral — sin seguimiento",2,"El Robot Guardián","Aventura Espacial",YesNoModule,1
1779969191134,NEUTRAL,0.17976162,0.36289966,0.0,0.61064255,0.24585226,0.63320297,0.96753144,-0.12790611,1.5,4.3440247,0.39627075,-0.07489014,0.051818848,1.0133057,1,0,0,0,"Neutral — sin seguimiento",2,"El Robot Guardián","Aventura Espacial",YesNoModule,1
1779969191385,NEUTRAL,0.17355701,0.37187165,0.0,0.58879393,0.23500095,0.5615953,0.9564417,-0.13477565,2.0,4.059906,4.067383,-0.11016846,0.051757812,0.9911499,0,0,0,0,"Neutral — sin seguimiento",2,"El Robot Guardián","Aventura Espacial",YesNoModule,1
1779969191634,NEUTRAL,0.16650462,0.38154057,0.0,0.6116395,0.23042288,0.5789493,0.999222,-0.14578135,1.5,-3.6486816,-0.059814453,-0.1026001,0.060058594,1.015625,1,0,0,0,"Neutral — sin seguimiento",2,"El Robot Guardián","Aventura Espacial",YesNoModule,1
1779969191884,NEUTRAL,0.15674143,0.3866077,0.0,0.61895126,0.21527214,0.70943666,1.0872178,-0.15446559,1.5,-1.1663818,1.8766785,-0.123413086,0.060424805,0.99676514,0,0,0,0,"Neutral — sin seguimiento",2,"El Robot Guardián","Aventura Espacial",YesNoModule,1
1779969192134,NEUTRAL,0.1575405,0.38723475,0.0,0.60332245,0.20281032,0.7184367,1.1127149,-0.16423275,2.0,-3.058014,0.62057495,-0.13824463,0.06536865,1.0004272,0,0,0,0,"Neutral — sin seguimiento",2,"El Robot Guardián","Aventura Espacial",YesNoModule,1
1779969192384,NEUTRAL,0.15727231,0.3880058,0.0,0.5891731,0.18350741,0.70564157,1.1144615,-0.17227863,2.0,-3.947754,-0.85983276,-0.12841797,0.05432129,0.9998169,0,0,0,0,"Neutral — sin seguimiento",2,"El Robot Guardián","Aventura Espacial",YesNoModule,1
1779969192634,NEUTRAL,0.15625218,0.3860585,0.0,0.6272883,0.24714799,0.76762,1.1218885,-0.1727435,2.0,-2.6617432,-0.61309814,-0.11102295,0.05419922,1.0012817,0,0,0,0,"Neutral — sin seguimiento",2,"El Robot Guardián","Aventura Espacial",YesNoModule,1
1779969192884,NEUTRAL,0.15911575,0.38400486,0.0,0.6348216,0.29425833,0.77253914,1.0838964,-0.20267859,1.5,-1.315918,-0.84487915,-0.1281128,0.05053711,0.9975586,0,0,0,0,"Neutral — sin seguimiento",2,"El Robot Guardián","Aventura Espacial",YesNoModule,1
1779969193135,NEUTRAL,0.16180168,0.37995645,0.0,0.6040645,0.2856594,0.7384836,1.0142467,-0.20750836,1.5,-2.5645447,-1.2635803,-0.1270752,0.048095703,1.0025024,0,0,0,0,"Neutral — sin seguimiento",2,"El Robot Guardián","Aventura Espacial",YesNoModule,1
1779969193385,NEUTRAL,0.16273417,0.38202983,0.0,0.62743026,0.26459143,0.68682253,0.98209697,-0.20838521,1.5,-2.3925781,-0.94955444,-0.12188721,0.03845215,0.9963989,0,0,0,0,"Neutral — sin seguimiento",2,"El Robot Guardián","Aventura Espacial",YesNoModule,0
1779969193635,NEUTRAL,0.16768903,0.38169602,0.0,0.641332,0.3891318,0.61737734,0.9635023,-0.17713673,1.75,-2.0710754,-0.0074768066,-0.12860107,0.045288086,0.9991455,0,0,0,0,"Neutral — sin seguimiento",2,"El Robot Guardián","Aventura Espacial",YesNoModule,0
1779969193885,NEUTRAL,0.17175259,0.38187027,0.0,0.639264,0.3695346,0.5608873,0.9118918,-0.19061494,1.75,-4.321594,-0.97198486,-0.1105957,0.04248047,0.998291,0,0,0,0,"Neutral — sin seguimiento",2,"El Robot Guardián","Aventura Espacial",YesNoModule,0
1779969194135,NEUTRAL,0.17656392,0.38242388,0.0,0.62451595,0.3419158,0.52297413,0.85096985,-0.20468102,1.25,-0.28411865,0.8747864,-0.12554932,0.04827881,0.9979248,0,0,0,0,"Neutral — sin seguimiento",2,"El Robot Guardián","Aventura Espacial",YesNoModule,0
1779969194385,NEUTRAL,0.18416998,0.38606247,0.0,0.5926589,0.3271833,0.52444345,0.8431666,-0.20883964,1.0,-4.5384216,-0.7626343,-0.11480713,0.046325684,1.0037231,0,0,0,0,"Neutral — sin seguimiento",2,"El Robot Guardián","Aventura Espacial",YesNoModule,0
1779969194634,NEUTRAL,0.19254278,0.38897708,0.0,0.5711412,0.33327433,0.53762984,0.8738302,-0.21222627,1.0,-2.9234314,-0.84487915,-0.11291504,0.043518066,1.0010986,0,0,0,0,"Neutral — sin seguimiento",2,"El Robot Guardián","Aventura Espacial",YesNoModule,0
1779969194884,NEUTRAL,0.20156612,0.39021033,0.0,0.57300544,0.36266112,0.5718666,1.014575,-0.20246382,1.0,12.605896,-4.1271973,-0.05895996,0.064941406,1.0108032,0,0,0,0,"Neutral — sin seguimiento",2,"El Robot Guardián","Aventura Espacial",YesNoModule,0
1779969195134,NEUTRAL,0.21056439,0.39209595,0.0,0.57833636,0.3811215,0.58817685,1.126234,-0.1736613,1.0,-60.681763,-3.7608337,-0.30004883,-0.022644043,0.94592285,1,0,0,0,"Neutral — sin seguimiento",2,"El Robot Guardián","Aventura Espacial",YesNoModule,0
1779969195384,NEUTRAL,0.21809675,0.39378658,0.0,0.5889128,0.39445645,0.6147899,1.187924,-0.1460173,1.0,124.12247,-0.059814453,0.021911621,0.037109375,0.95318604,0,0,1,0,"Neutral — sin seguimiento",2,"El Robot Guardián","Aventura Espacial",YesNoModule,1
1779969195634,NEUTRAL,0.22348046,0.39288756,0.0,0.59470606,0.4076687,0.69770634,1.2626295,-0.13112254,1.0,-108.93707,14.078827,-0.24884033,0.07678223,0.9536743,0,0,0,0,"Neutral — sin seguimiento",2,"El Robot Guardián","Aventura Espacial",YesNoModule,1
1779969195884,NEUTRAL,0.2289093,0.38690686,0.0,0.5801658,0.41167846,0.7177107,1.2897941,-0.12791122,1.0,22.303314,-2.362671,-0.060180664,0.056884766,0.9800415,1,0,0,0,"Neutral — sin seguimiento",2,"El Robot Guardián","Aventura Espacial",YesNoModule,1
1779969196134,NEUTRAL,0.22821052,0.37881172,0.0,0.57804865,0.41049987,0.74346673,1.3357074,-0.10065036,1.5,-11.230164,-0.95703125,-0.062683105,0.06311035,0.98828125,0,0,0,0,"Neutral — sin seguimiento",2,"El Robot Guardián","Aventura Espacial",YesNoModule,1
1779969196384,NEUTRAL,0.2266062,0.36772865,0.0,0.56914425,0.39999697,0.75695133,1.3635837,-0.07686179,1.5,-13.779755,0.62057495,-0.090270996,0.0423584,0.9755249,0,0,0,0,"Neutral — sin seguimiento",2,"El Robot Guardián","Aventura Espacial",YesNoModule,1
1779969196634,NEUTRAL,0.22351573,0.35396188,0.0,0.5617752,0.3816706,0.8006946,1.3752854,-0.07494236,1.5,-2.3028564,0.5682373,-0.072509766,0.04925537,1.0010986,0,0,0,0,"Neutral — sin seguimiento",2,"El Robot Guardián","Aventura Espacial",YesNoModule,1
1779969196884,NEUTRAL,0.21916772,0.34455955,0.0,0.60794866,0.36076376,0.7923265,1.3490257,-0.101660445,1.5,-2.355194,-0.04486084,-0.06616211,0.051330566,1.0095825,0,0,0,0,"Neutral — sin seguimiento",2,"El Robot Guardián","Aventura Espacial",YesNoModule,1
1779969197134,NEUTRAL,0.21442346,0.34088933,0.0,0.60601616,0.3101468,0.7034293,1.1069157,-0.13816833,1.5,-2.5720215,-0.71777344,-0.06896973,0.04736328,1.0098877,0,0,0,0,"Neutral — sin seguimiento",2,"El Robot Guardián","Aventura Espacial",YesNoModule,1
1779969197384,NEUTRAL,0.2108457,0.33683637,0.0,0.59049344,0.35728997,0.71714425,0.93134904,-0.22478159,1.5,-1.9215393,-0.20187378,-0.06994629,0.05041504,1.0046997,0,0,0,0,"Neutral — sin seguimiento",2,"El Robot Guardián","Aventura Espacial",YesNoModule,1
1779969197634,NEUTRAL,0.20805897,0.3340021,0.0,0.59196794,0.3749043,0.69502807,0.91347265,-0.23263943,1.5,-1.390686,-0.71029663,-0.07458496,0.04534912,1.0073242,0,0,0,0,"Neutral — sin seguimiento",2,"El Robot Guardián","Aventura Espacial",YesNoModule,1
1779969197885,NEUTRAL,0.20499131,0.33330026,0.0,0.6228118,0.37637052,0.6967726,0.9000062,-0.21340698,1.5,-1.9888306,-0.97198486,-0.07775879,0.044433594,1.0045776,0,0,0,0,"Neutral — sin seguimiento",2,"El Robot Guardián","Aventura Espacial",YesNoModule,1
1779969198135,NEUTRAL,0.2026035,0.33535445,0.0,0.6378969,0.37634754,0.7189395,0.8889576,-0.20113894,1.5,-1.7047119,-1.0916138,-0.07409668,0.045532227,1.0057373,0,0,0,0,"Neutral — sin seguimiento",2,"El Robot Guardián","Aventura Espacial",YesNoModule,1
1779969198384,NEUTRAL,0.20323734,0.33733982,0.0,0.49866775,0.31684563,0.58462083,0.72015804,-0.15332021,1.5,-2.9907227,-0.5607605,-0.07739258,0.046081543,1.0039673,0,0,0,0,"Neutral — sin seguimiento",2,"El Robot Guardián","Aventura Espacial",YesNoModule,1
1779969198635,NEUTRAL,0.20546846,0.3420177,0.0,0.51189524,0.3274005,0.5479713,0.6931565,-0.13725094,1.0,26.632385,1.9065857,-0.38623047,-0.040222168,0.9585571,0,0,0,0,"Neutral — sin seguimiento",2,"El Robot Guardián","Aventura Espacial",YesNoModule,1
1779969198885,NEUTRAL,0.20881972,0.34781033,0.0,0.5062327,0.327009,0.52776146,0.69500476,-0.1331925,1.0,-80.3009,4.209442,0.24261475,0.07525635,0.99279785,0,0,1,0,"Neutral — sin seguimiento",2,"El Robot Guardián","Aventura Espacial",YesNoModule,1
1779969199135,NEUTRAL,0.21150367,0.35469338,0.0,0.5332884,0.31811273,0.5909519,0.81644607,-0.12997259,1.0,-58.244324,9.480591,-0.22473145,0.035095215,0.9604492,1,0,0,0,"Neutral — sin seguimiento",2,"El Robot Guardián","Aventura Espacial",YesNoModule,1
1779969199384,NEUTRAL,0.21470115,0.35800213,0.0,0.53358227,0.31403562,0.6142884,0.9233773,-0.13029833,1.0,54.50592,-11.641388,0.28009033,0.14489746,1.0773315,0,0,0,0,"Neutral — sin seguimiento",2,"El Robot Guardián","Aventura Espacial",YesNoModule,1
1779969199634,NEUTRAL,0.2175617,0.35689718,0.0,0.52773136,0.30821708,0.6214486,0.9643614,-0.12470683,1.0,-68.15857,8.830109,-0.010498047,0.07720947,0.9282837,0,0,0,0,"Neutral — sin seguimiento",2,"El Robot Guardián","Aventura Espacial",YesNoModule,0
1779969199884,NEUTRAL,0.21861042,0.3558536,0.0,0.49658787,0.29903865,0.6366447,1.0050033,-0.12238485,1.0,51.53763,-9.97406,0.101623535,0.08074951,1.0311279,1,0,0,0,"Neutral — sin seguimiento",2,"El Robot Guardián","Aventura Espacial",YesNoModule,0
1779969200134,NEUTRAL,0.21593036,0.3511736,0.0,0.4750138,0.26171508,0.70784175,1.0920647,-0.15021382,1.0,17.95929,-3.596344,0.31121826,0.06555176,1.0758667,0,0,0,0,"Neutral — sin seguimiento",2,"El Robot Guardián","Aventura Espacial",YesNoModule,0
1779969200384,NEUTRAL,0.21265152,0.34396368,0.0,0.46430826,0.23864211,0.72899324,1.1435469,-0.16468011,1.0,-67.50809,6.1683655,-0.20129395,-0.007019043,0.95196533,0,0,0,0,"Neutral — sin seguimiento",2,"El Robot Guardián","Aventura Espacial",YesNoModule,0
1779969200634,NEUTRAL,0.21006477,0.33665866,0.0,0.46147105,0.23692365,0.7284854,1.1513834,-0.1627286,1.0,22.998657,-6.9010925,0.3583374,0.091674805,1.0843506,0,0,0,0,"Neutral — sin seguimiento",2,"El Robot Guardián","Aventura Espacial",YesNoModule,0
1779969200884,NEUTRAL,0.2055721,0.33632782,0.0,0.5575222,0.28487056,0.6944533,1.194645,-0.21412577,1.0,-66.49872,6.4823914,-0.11468506,0.023803711,0.994812,0,0,0,0,"Neutral — sin seguimiento",2,"El Robot Guardián","Aventura Espacial",YesNoModule,0
1779969201134,NEUTRAL,0.19951811,0.33400843,0.0,0.5826803,0.29960492,0.7304871,1.1946249,-0.223621,1.0,150.70251,-11.252594,0.3086548,0.04498291,0.96551514,0,0,1,0,"Neutral — sin seguimiento",2,"El Robot Guardián","Aventura Espacial",YesNoModule,1
1779969201385,NEUTRAL,0.19343917,0.3303187,0.0,0.55672383,0.2988575,0.7217206,1.18857,-0.23237984,1.5,-98.37982,6.6244507,-0.45007324,0.024719238,0.91937256,0,0,0,0,"Neutral — sin seguimiento",2,"El Robot Guardián","Aventura Espacial",YesNoModule,1
1779969201634,NEUTRAL,0.1897636,0.32729596,0.0,0.55587107,0.29958382,0.7162149,1.1718571,-0.22577184,1.5,35.582123,0.72525024,0.09161377,0.052612305,0.9510498,1,0,0,0,"Neutral — sin seguimiento",2,"El Robot Guardián","Aventura Espacial",YesNoModule,1
1779969201885,NEUTRAL,0.18664229,0.3247333,0.0,0.55587107,0.30057704,0.72304606,1.1598786,-0.22232331,1.5,2.2280884,-1.3383484,0.046020508,0.04711914,1.0076294,0,0,0,0,"Neutral — sin seguimiento",2,"El Robot Guardián","Aventura Espacial",YesNoModule,1
1779969202134,NEUTRAL,0.18237054,0.31956634,0.0,0.5287017,0.28054294,0.77650034,1.145568,-0.22818513,2.0,0.4486084,-5.869293,0.008239746,0.019836426,0.991272,0,0,0,0,"Neutral — sin seguimiento",2,"El Robot Guardián","Aventura Espacial",YesNoModule,1
1779969202384,NEUTRAL,0.17774129,0.3159812,0.0,0.5287017,0.27294603,0.7901004,1.15273,-0.24180686,1.5,-1.1140442,0.7028198,-0.0037841797,0.006286621,0.99401855,0,0,0,0,"Neutral — sin seguimiento",2,"El Robot Guardián","Aventura Espacial",YesNoModule,1
1779969202635,NEUTRAL,0.17482783,0.3128154,0.0,0.4754087,0.23560268,0.80497277,1.1890584,-0.2505767,2.5,-5.914154,0.39627075,0.036499023,0.039489746,1.0074463,1,0,0,0,"Neutral — sin seguimiento",2,"El Robot Guardián","Aventura Espacial",YesNoModule,1
1779969202884,NEUTRAL,0.17302045,0.31063962,0.0,0.4754087,0.23560268,0.80497277,1.1890584,-0.2505767,2.5,2.1458435,5.5403137,0.05126953,0.07147217,1.0084229,0,0,0,0,"Neutral — sin seguimiento",2,"El Robot Guardián","Aventura Espacial",YesNoModule,1
1779969203135,NEUTRAL,0.17122598,0.30856037,0.0,0.4754087,0.23560268,0.80497277,1.1890584,-0.2505767,2.5,6.6394043,-5.024414,0.0115356445,0.03881836,1.0182495,0,0,0,0,"Neutral — sin seguimiento",2,"El Robot Guardián","Aventura Espacial",YesNoModule,1
1779969203384,NEUTRAL,0.16835952,0.30107337,0.0,0.4754087,0.23560268,0.80497277,1.1890584,-0.2505767,1.5,0.6504822,1.547699,-0.07623291,0.058654785,0.9985962,0,0,0,0,"Neutral — sin seguimiento",2,"El Robot Guardián","Aventura Espacial",YesNoModule,1
1779969203634,NEUTRAL,0.16704533,0.29269373,0.0,0.43949577,0.24530904,0.7893412,1.124377,-0.19535269,1.5,-7.3347473,-4.1944885,-0.007507324,0.042663574,1.0102539,1,0,0,0,"Neutral — sin seguimiento",2,"El Robot Guardián","Aventura Espacial",YesNoModule,1
1779969203884,NEUTRAL,0.16478723,0.28508082,0.0,0.43949577,0.23772079,0.79815835,1.124338,-0.20432179,1.5,-3.0804443,-0.07476807,-0.011108398,0.03845215,1.0037231,0,0,0,0,"Neutral — sin seguimiento",2,"El Robot Guardián","Aventura Espacial",YesNoModule,1
1779969204134,NEUTRAL,0.16237925,0.27731788,0.0,0.43949577,0.23772079,0.79815835,1.124338,-0.20432179,1.5,-2.6168823,1.0766602,-0.026306152,0.037963867,1.0045776,0,0,0,0,"Neutral — sin seguimiento",2,"El Robot Guardián","Aventura Espacial",YesNoModule,1
1779969204385,NEUTRAL,0.15982601,0.2681579,0.0,0.4107228,0.23133273,0.81262916,1.1233873,-0.21571065,1.5,-2.2654724,-1.2261963,-0.037231445,0.05731201,1.0072632,1,0,0,0,"Neutral — sin seguimiento",2,"El Robot Guardián","Aventura Espacial",YesNoModule,1
1779969204634,NEUTRAL,0.16783483,0.2655343,0.0,0.31951773,0.27926219,0.5605986,1.0722134,-0.16515084,1.5,-2.8038025,-1.7121887,-0.030090332,0.049194336,1.0085449,0,0,0,0,"Neutral — sin seguimiento",2,"El Robot Guardián","Aventura Espacial",YesNoModule,1
1779969204884,NEUTRAL,0.17613275,0.26624393,0.0,0.36665437,0.2782795,0.5385085,1.0730466,-0.152005,1.5,-1.3383484,-0.94955444,-0.026550293,0.047546387,1.0153198,0,0,0,0,"Neutral — sin seguimiento",2,"El Robot Guardián","Aventura Espacial",YesNoModule,1
1779969205134,NEUTRAL,0.18614629,0.2712953,0.0,0.3681611,0.2700445,0.49127728,1.0814532,-0.126397,1.5,-2.0262146,-0.10467529,-0.042175293,0.05078125,1.0106201,0,0,0,0,"Neutral — sin seguimiento",2,"El Robot Guardián","Aventura Espacial",YesNoModule,1
1779969205384,NEUTRAL,0.1965361,0.28189662,0.0,0.4160201,0.25478867,0.40441585,1.0533267,-0.10652224,1.5,-2.6467896,-0.7626343,-0.025756836,0.049743652,1.0084229,0,0,0,0,"Neutral — sin seguimiento",2,"El Robot Guardián","Aventura Espacial",YesNoModule,1
1779969205634,NEUTRAL,0.2069973,0.294201,0.0,0.4343889,0.25508752,0.3819077,1.0299813,-0.10248719,1.5,-1.3308716,0.5607605,-0.03112793,0.052490234,1.008667,1,0,0,0,"Neutral — sin seguimiento",2,"El Robot Guardián","Aventura Espacial",YesNoModule,1
1779969205884,NEUTRAL,0.21805911,0.30657706,0.0,0.4386307,0.2684642,0.37687925,1.0190431,-0.0980249,1.5,-0.14953613,2.0187378,-0.043640137,0.06213379,1.0098877,0,0,0,0,"Neutral — sin seguimiento",2,"El Robot Guardián","Aventura Espacial",YesNoModule,1
1779969206134,NEUTRAL,0.22890654,0.32126907,0.0,0.44156724,0.27108917,0.34185696,1.0107203,-0.09308892,1.5,-1.6673279,-3.1028748,-0.040283203,0.059326172,1.0097046,0,0,0,0,"Neutral — sin seguimiento",2,"El Robot Guardián","Aventura Espacial",YesNoModule,1
1779969206384,NEUTRAL,0.23795027,0.3360089,0.0,0.481806,0.27626672,0.4154838,1.0072775,-0.07636185,1.5,0.94207764,-0.3439331,-0.062316895,0.049621582,1.0025024,0,0,0,0,"Neutral — sin seguimiento",2,"El Robot Guardián","Aventura Espacial",YesNoModule,1
1779969206635,NEUTRAL,0.24017756,0.34655443,0.0,0.5656164,0.27023044,0.66703385,1.0663142,-0.07292437,1.5,-7.499237,-3.0729675,-0.043640137,0.0579834,1.0239258,1,0,0,0,"Neutral — sin seguimiento",2,"El Robot Guardián","Aventura Espacial",YesNoModule,1
1779969206885,NEUTRAL,0.24208857,0.35719094,0.0,0.56227076,0.2725394,0.7029449,1.0727016,-0.07187475,1.5,-13.032074,-6.6020203,-0.045715332,0.03729248,1.039917,0,0,0,0,"Neutral — sin seguimiento",2,"El Robot Guardián","Aventura Espacial",YesNoModule,1
1779969207135,NEUTRAL,0.23386347,0.3598901,0.0,0.5377469,0.2829145,0.78560287,1.1345899,-0.07132994,2.0,-21.974335,1.4579773,0.005126953,0.017700195,0.95458984,1,0,0,0,"Neutral — sin seguimiento",2,"El Robot Guardián","Aventura Espacial",YesNoModule,1
1779969207384,NEUTRAL,0.2253695,0.3587979,0.0,0.53544986,0.28012967,0.8071305,1.1521757,-0.0645887,2.5,-21.121979,1.9290161,0.08758545,0.18530273,0.99713135,0,0,0,0,"Neutral — sin seguimiento",2,"El Robot Guardián","Aventura Espacial",YesNoModule,1
1779969207634,NEUTRAL,0.21515426,0.35435176,0.0,0.53544986,0.28031132,0.8523096,1.1921363,-0.045518406,2.5,4.411316,-2.3477173,0.22473145,0.10180664,0.9354248,1,0,0,0,"Neutral — sin seguimiento",2,"El Robot Guardián","Aventura Espacial",YesNoModule,1
1779969207885,NEUTRAL,0.20412764,0.34367946,0.0,0.53506726,0.27819988,0.8710861,1.2089243,-0.038637936,2.5,1.4878845,8.73291,0.28637695,0.14587402,0.9604492,0,0,0,0,"Neutral — sin seguimiento",2,"El Robot Guardián","Aventura Espacial",YesNoModule,1
1779969208135,NEUTRAL,0.19302958,0.33130413,0.0,0.53506726,0.27819988,0.8710861,1.2089243,-0.038637936,2.5,19.095764,-3.401947,-0.07080078,0.09197998,0.9906616,0,0,0,0,"Neutral — sin seguimiento",2,"El Robot Guardián","Aventura Espacial",YesNoModule,1
1779969208384,NEUTRAL,0.18133095,0.31885707,0.0,0.53506726,0.27819988,0.8710861,1.2089243,-0.038637936,2.5,3.5664368,7.5590515,-0.01184082,0.09088135,1.0726318,0,0,0,0,"Neutral — sin seguimiento",2,"El Robot Guardián","Aventura Espacial",YesNoModule,1
1779969208634,NEUTRAL,0.16886576,0.30524668,0.0,0.53506726,0.27819988,0.8710861,1.2089243,-0.038637936,2.5,0.7626343,4.28421,-0.037719727,0.08190918,1.0003662,0,0,0,0,"Neutral — sin seguimiento",2,"El Robot Guardián","Aventura Espacial",YesNoModule,0
1779969208884,NEUTRAL,0.15863419,0.29181805,0.0,0.53506726,0.27819988,0.8710861,1.2089243,-0.038637936,2.0,-3.8206482,1.9888306,-0.061462402,0.018981934,1.0214233,1,0,0,0,"Neutral — sin seguimiento",2,"El Robot Guardián","Aventura Espacial",YesNoModule,0
1779969209134,NEUTRAL,0.15521903,0.2825837,0.0,0.53506726,0.27819988,0.8710861,1.2089243,-0.038637936,1.5,-7.192688,-1.3607788,0.0040893555,0.057678223,1.008667,0,0,0,0,"Neutral — sin seguimiento",3,"La Señal SOS","Aventura Espacial",MorseModule,1
1779969209400,NEUTRAL,0.16271879,0.28157255,0.0,0.5263401,0.40277708,0.6164827,1.1844426,-0.080415845,1.5,-6.220703,-1.5402222,-0.0022583008,0.058166504,1.008728,1,0,0,0,"Neutral — sin seguimiento",3,"La Señal SOS","Aventura Espacial",MorseModule,1
1779969209634,NEUTRAL,0.1706686,0.28730914,0.0,0.54350215,0.3817503,0.5863856,1.1686795,-0.0632007,1.5,-6.9085693,-0.9196472,0.018615723,0.0579834,1.0166016,0,0,0,0,"Neutral — sin seguimiento",3,"La Señal SOS","Aventura Espacial",MorseModule,1
1779969209885,NEUTRAL,0.17876068,0.29500875,0.0,0.54350215,0.36231264,0.5652126,1.1623893,-0.067047685,1.5,-4.7851562,-0.0,0.07104492,0.059387207,1.0085449,0,0,0,0,"Neutral — sin seguimiento",3,"La Señal SOS","Aventura Espacial",MorseModule,1
1779969210134,NEUTRAL,0.19170621,0.30754995,0.0,0.5315213,0.37958333,0.42893693,1.0796821,-0.044765595,1.5,-2.5346375,0.47851562,0.07977295,0.034484863,1.0001831,1,0,0,0,"Neutral — sin seguimiento",3,"La Señal SOS","Aventura Espacial",MorseModule,1
1779969210384,NEUTRAL,0.20466733,0.32365996,0.0,0.5726931,0.38400212,0.40452534,1.0480117,-0.06988347,1.5,-2.0411682,-0.6504822,0.04699707,0.034057617,1.005188,0,0,0,0,"Neutral — sin seguimiento",3,"La Señal SOS","Aventura Espacial",MorseModule,1
1779969210640,NEUTRAL,0.21609432,0.34315646,0.0,0.6122338,0.36598524,0.3826487,1.0029918,-0.09380886,1.5,-1.0168457,-1.4505005,0.05230713,0.032226562,1.006958,0,0,0,0,"Neutral — sin seguimiento",3,"La Señal SOS","Aventura Espacial",MorseModule,1
1779969210884,NEUTRAL,0.22599944,0.36275628,0.0,0.6225081,0.34940755,0.4139332,0.9353139,-0.112295784,1.5,-0.62805176,-0.61309814,0.042297363,0.04425049,1.0126343,0,0,0,0,"Neutral — sin seguimiento",3,"La Señal SOS","Aventura Espacial",MorseModule,1
1779969211134,NEUTRAL,0.23578353,0.3822234,0.0,0.6273998,0.3534145,0.42388308,0.90961295,-0.12700026,1.5,-0.4336548,-2.1533203,0.0026245117,0.042785645,0.9875488,0,0,0,0,"Neutral — sin seguimiento",3,"La Señal SOS","Aventura Espacial",MorseModule,1
1779969211384,NEUTRAL,0.24530244,0.39955273,0.0,0.62947214,0.37130317,0.48103735,0.8686558,-0.16351831,1.5,-2.826233,-22.736969,0.115478516,0.05529785,1.0217285,0,0,0,0,"Neutral — sin seguimiento",3,"La Señal SOS","Aventura Espacial",MorseModule,1
1779969211634,CALM,0.2535886,0.41548303,0.0,0.63710415,0.37038168,0.53758687,0.93963265,-0.18090446,1.5,-5.1664734,-10.639496,0.042175293,0.01361084,1.0010986,0,0,0,0,"Estado relajado — listo para interactuar",3,"La Señal SOS","Aventura Espacial",MorseModule,1
1779969211884,CALM,0.2497233,0.42176393,0.0,0.6308133,0.36042106,0.6201685,1.0301968,-0.17535521,1.5,-3.1253052,4.942169,0.023864746,0.03161621,1.0007935,0,0,0,0,"Estado relajado — listo para interactuar",3,"La Señal SOS","Aventura Espacial",MorseModule,1
1779969212134,CALM,0.24581099,0.42423767,0.0,0.62023044,0.35448185,0.64962834,1.0633466,-0.16100134,1.5,-3.9253235,-0.27664185,0.05718994,0.042541504,1.0096436,0,0,0,0,"Estado relajado — listo para interactuar",3,"La Señal SOS","Aventura Espacial",MorseModule,1
1779969212384,CALM,0.24224856,0.42333847,0.0,0.5766681,0.33738098,0.65637565,1.0801526,-0.14537525,1.5,-0.16448975,4.568329,0.038085938,0.03149414,1.005249,0,0,0,0,"Estado relajado — listo para interactuar",3,"La Señal SOS","Aventura Espacial",MorseModule,1
1779969212634,CALM,0.2346201,0.41964376,0.0,0.57869375,0.3320778,0.6509048,1.0847375,-0.13520113,1.5,-2.5271606,3.095398,0.03753662,0.025512695,1.00354,0,0,0,0,"Estado relajado — listo para interactuar",3,"La Señal SOS","Aventura Espacial",MorseModule,0
1779969212884,CALM,0.22825393,0.41274732,0.0,0.5594848,0.3339654,0.6299752,1.0851041,-0.11143471,1.5,1.6448975,4.867401,0.026550293,0.04260254,1.0085449,0,0,0,0,"Estado relajado — listo para interactuar",3,"La Señal SOS","Aventura Espacial",MorseModule,0
1779969213134,NEUTRAL,0.22542706,0.4043225,0.0,0.5388439,0.33029652,0.54608375,0.99271685,-0.096315816,1.5,-1.7271423,-0.20187378,0.014892578,0.042541504,1.0057983,0,0,0,0,"Estado relajado — listo para interactuar",3,"La Señal SOS","Aventura Espacial",MorseModule,0
1779969213384,NEUTRAL,0.22522636,0.39715192,0.0,0.52957255,0.3257231,0.49291033,0.8905687,-0.106046945,1.5,-1.390686,-0.014953613,0.04156494,0.025817871,0.9962158,0,0,0,0,"Estado relajado — listo para interactuar",3,"La Señal SOS","Aventura Espacial",MorseModule,0
1779969213634,NEUTRAL,0.22666174,0.39325586,0.0,0.52657336,0.31530097,0.39656463,0.8214322,-0.118388265,1.5,2.1159363,2.4523926,-0.013366699,0.07647705,1.0161743,0,0,0,0,"Estado relajado — listo para interactuar",3,"La Señal SOS","Aventura Espacial",MorseModule,0
1779969213885,NEUTRAL,0.2296668,0.39014727,0.0,0.522829,0.3467846,0.40749392,0.7948762,-0.10160147,1.5,-2.243042,-3.2972717,0.011962891,0.054382324,1.0124512,1,0,0,0,"Estado relajado — listo para interactuar",3,"La Señal SOS","Aventura Espacial",MorseModule,0
1779969214134,NEUTRAL,0.2334675,0.3872406,0.0,0.53752184,0.36733243,0.45698616,0.7978455,-0.090974264,1.5,-3.3122253,-0.82244873,-0.0026245117,0.050354004,1.010376,0,0,0,0,"Estado relajado — listo para interactuar",3,"La Señal SOS","Aventura Espacial",MorseModule,0
1779969214385,NEUTRAL,0.23774344,0.38621464,0.0,0.5479196,0.36812776,0.51066476,0.81050617,-0.1024782,1.5,1.0990906,0.13458252,0.031188965,0.033691406,0.99121094,0,0,0,0,"Estado relajado — listo para interactuar",3,"La Señal SOS","Aventura Espacial",MorseModule,0
1779969214635,NEUTRAL,0.24216044,0.38588202,0.0,0.5500287,0.37184837,0.537597,0.8380952,-0.116011895,1.5,1.3308716,1.3084412,-0.040161133,0.099243164,1.0076294,0,0,0,0,"Estado relajado — listo para interactuar",3,"La Señal SOS","Aventura Espacial",MorseModule,0
1779969214885,NEUTRAL,0.2464416,0.38652244,0.0,0.5500771,0.38459688,0.56966335,0.85852504,-0.097936004,1.5,-1.973877,-2.8785706,-0.046203613,0.07220459,1.0126953,0,0,0,0,"Estado relajado — listo para interactuar",3,"La Señal SOS","Aventura Espacial",MorseModule,0
1779969215135,NEUTRAL,0.25033838,0.3838184,0.0,0.51608306,0.3781486,0.60959977,0.8869604,-0.059187077,1.5,-3.02063,-3.9776611,-0.025390625,0.0713501,1.0115356,0,0,0,0,"Estado relajado — listo para interactuar",3,"La Señal SOS","Aventura Espacial",MorseModule,0
1779969215384,NEUTRAL,0.2537851,0.38072076,0.0,0.4916599,0.36977956,0.59754145,0.883952,-0.046361785,1.5,-2.818756,-0.85983276,-0.029846191,0.06817627,1.0028076,0,0,0,0,"Estado relajado — listo para interactuar",3,"La Señal SOS","Aventura Espacial",MorseModule,0
1779969215634,NEUTRAL,0.25368467,0.37897116,0.0,0.50052154,0.3106139,0.548604,0.84458035,-0.08532065,1.5,-0.59814453,0.014953613,-0.03552246,0.05596924,1.0142822,0,0,0,0,"Estado relajado — listo para interactuar",3,"La Señal SOS","Aventura Espacial",MorseModule,1
1779969215884,NEUTRAL,0.25344008,0.3764317,0.0,0.47476813,0.29558498,0.49936306,0.8019414,-0.10328821,1.5,-0.97198486,-1.3832092,-0.059814453,0.040405273,1.0043335,0,0,0,0,"Estado relajado — listo para interactuar",3,"La Señal SOS","Aventura Espacial",MorseModule,1
1779969216134,NEUTRAL,0.25259992,0.37079686,0.0,0.45456663,0.2909425,0.46769372,0.7366903,-0.11373593,1.5,-2.4897766,-5.069275,-0.07220459,0.033447266,1.0029907,0,0,0,0,"Estado relajado — listo para interactuar",3,"La Señal SOS","Aventura Espacial",MorseModule,1
1779969216384,NEUTRAL,0.25115106,0.36746252,0.0,0.46806613,0.3051772,0.45086172,0.7143382,-0.121433035,1.5,-6.332855,-3.02063,-0.04699707,0.0021362305,1.001831,0,0,0,0,"Estado relajado — listo para interactuar",3,"La Señal SOS","Aventura Espacial",MorseModule,1
1779969216634,NEUTRAL,0.25067744,0.36681283,0.0,0.49442592,0.32367006,0.4354959,0.6646737,-0.12916811,1.5,-6.8562317,2.6916504,-0.008422852,0.05255127,1.00531,0,0,0,0,"Neutral — sin seguimiento",3,"La Señal SOS","Aventura Espacial",MorseModule,1
1779969216884,NEUTRAL,0.25185356,0.36877325,0.0,0.52406883,0.3423415,0.42532763,0.6030912,-0.14229907,1.5,-6.616974,2.362671,-0.016723633,0.053527832,1.0042114,0,0,0,0,"Neutral — sin seguimiento",3,"La Señal SOS","Aventura Espacial",MorseModule,1
1779969217134,NEUTRAL,0.25397852,0.37146145,0.0,0.5246499,0.35193506,0.4217521,0.5825165,-0.13136335,1.5,-4.3440247,-3.364563,-0.010437012,0.049926758,1.0100098,0,0,0,0,"Neutral — sin seguimiento",3,"La Señal SOS","Aventura Espacial",MorseModule,1
1779969217384,NEUTRAL,0.2560535,0.37542233,0.0,0.52391505,0.34844217,0.42450598,0.59602094,-0.114132814,1.5,-2.4822998,-0.29907227,-0.020446777,0.04827881,1.0075684,0,0,0,0,"Neutral — sin seguimiento",3,"La Señal SOS","Aventura Espacial",MorseModule,1
1779969217634,NEUTRAL,0.25904772,0.38214839,0.0,0.5218516,0.35489666,0.42132655,0.6311886,-0.115437485,1.5,-2.938385,-0.463562,-0.020263672,0.036499023,1.0029907,0,0,0,0,"Neutral — sin seguimiento",3,"La Señal SOS","Aventura Espacial",MorseModule,1
1779969217884,NEUTRAL,0.26111466,0.38845193,0.0,0.5197536,0.3565412,0.45341042,0.7146598,-0.1124449,1.5,-2.6243591,-1.5028381,-0.011108398,0.038085938,1.0148315,0,0,0,0,"Neutral — sin seguimiento",3,"La Señal SOS","Aventura Espacial",MorseModule,1
1779969218134,NEUTRAL,0.263701,0.3920124,0.0,0.5151805,0.3301013,0.45089483,0.7562032,-0.10039903,1.5,-2.6991272,-0.49346924,-0.020507812,0.033691406,1.0130005,0,0,0,0,"Neutral — sin seguimiento",3,"La Señal SOS","Aventura Espacial",MorseModule,1
1779969218384,NEUTRAL,0.26468047,0.39563847,0.0,0.51132226,0.3084235,0.4403429,0.7670724,-0.095442824,1.5,-2.2953796,-1.2486267,-0.012878418,0.028198242,1.0061035,0,0,0,0,"Neutral — sin seguimiento",3,"La Señal SOS","Aventura Espacial",MorseModule,1
1779969218634,NEUTRAL,0.26440856,0.39921892,0.0,0.50050306,0.29186282,0.43368712,0.7850786,-0.10481322,1.5,-3.058014,-0.38879395,-0.010314941,0.028259277,1.0136719,0,0,0,0,"Neutral — sin seguimiento",3,"La Señal SOS","Aventura Espacial",MorseModule,0
1779969218884,NEUTRAL,0.26352423,0.40144277,0.0,0.48801902,0.28521836,0.42962787,0.7908549,-0.118837975,1.5,-2.8038025,-0.6654358,-0.010925293,0.031677246,1.0090942,0,0,0,0,"Neutral — sin seguimiento",3,"La Señal SOS","Aventura Espacial",MorseModule,0
1779969219134,NEUTRAL,0.2607044,0.40322742,0.0,0.5004638,0.26150942,0.4351464,0.7738861,-0.12094225,1.5,-3.1477356,0.10467529,-0.0025634766,0.028320312,1.0094604,0,0,0,0,"Neutral — sin seguimiento",3,"La Señal SOS","Aventura Espacial",MorseModule,0
1779969219384,CALM,0.2591704,0.41449827,0.0,0.5747332,0.2613385,0.21499693,0.5527521,-0.12248847,1.0,-2.863617,4.4636536,-0.006652832,0.022399902,1.0077515,0,0,0,0,"Neutral — sin seguimiento",3,"La Señal SOS","Aventura Espacial",MorseModule,0
1779969219634,CALM,0.25746262,0.42643243,0.0,0.589528,0.27693036,0.20798153,0.5389934,-0.10234421,1.0,-3.5514832,-1.854248,-0.0024414062,0.02532959,1.0094604,0,0,0,0,"Neutral — sin seguimiento",3,"La Señal SOS","Aventura Espacial",MorseModule,0
1779969219885,CALM,0.25766012,0.437584,0.0,0.5901688,0.312452,0.1973203,0.57019526,-0.086512156,1.0,-2.6019287,0.51589966,0.0115356445,0.020202637,1.0067139,0,0,0,0,"Neutral — sin seguimiento",3,"La Señal SOS","Aventura Espacial",MorseModule,0
1779969220134,CALM,0.25841895,0.44871095,0.0,0.5917599,0.33100548,0.18449892,0.56269264,-0.09207443,1.0,-2.5570679,-0.73272705,0.0018920898,0.022521973,1.0040283,0,0,0,0,"Neutral — sin seguimiento",3,"La Señal SOS","Aventura Espacial",MorseModule,0
1779969220384,CALM,0.26055783,0.46083814,0.0,0.59485793,0.347953,0.17286381,0.5575734,-0.10172375,1.0,-2.7514648,-0.41870117,0.0018310547,0.027160645,1.0123291,0,0,0,0,"Neutral — sin seguimiento",3,"La Señal SOS","Aventura Espacial",MorseModule,0
1779969220634,CALM,0.2637173,0.47169378,0.0,0.59417593,0.3541243,0.19678694,0.5673187,-0.10482678,1.0,-2.31781,-0.82992554,0.0028686523,0.021850586,1.0075073,0,0,0,0,"Neutral — sin seguimiento",3,"La Señal SOS","Aventura Espacial",MorseModule,0
1779969220885,CALM,0.26855755,0.48100862,0.0,0.58092517,0.3638866,0.18867369,0.5607301,-0.102952905,1.0,-2.4822998,-1.9290161,0.0032958984,0.026428223,1.0129395,1,0,0,0,"Neutral — sin seguimiento",3,"La Señal SOS","Aventura Espacial",MorseModule,0
1779969221134,CALM,0.27414984,0.49055013,0.0,0.576666,0.36365256,0.16823852,0.5591441,-0.13781478,1.0,-2.5196838,-0.657959,6.1035156E-5,0.027526855,1.0111694,1,0,0,0,"Neutral — sin seguimiento",3,"La Señal SOS","Aventura Espacial",MorseModule,0
1779969221384,CALM,0.2804422,0.4991976,0.0,0.53752124,0.34695813,0.15192235,0.54582953,-0.17776252,1.0,-3.6187744,-0.50094604,0.0,0.028564453,1.0123901,1,0,0,0,"Neutral — sin seguimiento",3,"La Señal SOS","Aventura Espacial",MorseModule,0
1779969221634,CALM,0.2868409,0.5071719,0.0,0.5309896,0.31882903,0.1614858,0.50569797,-0.21312763,1.0,-1.4654541,-0.97198486,-0.0017089844,0.04333496,1.0124512,1,0,0,0,"Neutral — sin seguimiento",3,"La Señal SOS","Aventura Espacial",MorseModule,0
1779969221885,CALM,0.2909315,0.50347906,0.0,0.52773803,0.31147867,0.19231732,0.5048684,-0.20829573,1.0,2.2280884,1.5402222,-0.015991211,0.046142578,1.0116577,0,0,0,0,"Estado relajado — listo para interactuar",3,"La Señal SOS","Aventura Espacial",MorseModule,0
1779969222135,CALM,0.29470277,0.49922565,0.0,0.52773803,0.31147867,0.19231732,0.5048684,-0.20829573,1.5,-1.6972351,-1.5252686,-0.030639648,0.026550293,1.0053711,0,0,0,0,"Estado relajado — listo para interactuar",3,"La Señal SOS","Aventura Espacial",MorseModule,0
1779969222384,CALM,0.2967649,0.49578968,0.0,0.52773803,0.31147867,0.19231732,0.5048684,-0.20829573,1.5,-1.0990906,-1.4953613,-0.030334473,-0.014099121,1.0012207,0,0,0,0,"Estado relajado — listo para interactuar",3,"La Señal SOS","Aventura Espacial",MorseModule,0
1779969222634,CALM,0.29785374,0.49256182,0.0,0.52773803,0.31147867,0.19231732,0.5048684,-0.20829573,1.5,-3.9552307,3.3122253,-0.0065307617,0.024108887,1.0117798,0,0,0,0,"Estado relajado — listo para interactuar",3,"La Señal SOS","Aventura Espacial",MorseModule,0
1779969222885,CALM,0.29809713,0.489459,0.0,0.52773803,0.31147867,0.19231732,0.5048684,-0.20829573,1.5,-1.7196655,-0.82992554,-0.048095703,0.032043457,1.0095215,0,0,0,0,"Estado relajado — listo para interactuar",3,"La Señal SOS","Aventura Espacial",MorseModule,0
1779969223134,CALM,0.30537066,0.4827485,0.0,0.35780144,0.27635962,0.009954235,0.7483892,-0.134005,1.5,-4.8150635,-1.158905,-0.010559082,1.2207031E-4,1.010376,0,0,0,0,"Estado relajado — listo para interactuar",3,"La Señal SOS","Aventura Espacial",MorseModule,0
1779969223384,CALM,0.3059406,0.48134363,0.0,0.4861908,0.2897367,0.12403063,0.68690425,-0.13208143,1.5,-1.8692017,2.6393127,-0.019042969,0.0335083,1.0181274,0,0,0,0,"Estado relajado — listo para interactuar",3,"La Señal SOS","Aventura Espacial",MorseModule,1
1779969223635,CALM,0.30340463,0.47988486,0.0,0.5480481,0.3103072,0.23345067,0.64257795,-0.11962612,1.5,-2.6168823,-0.6803894,-0.01928711,0.030334473,1.0119629,0,0,0,0,"Estado relajado — listo para interactuar",3,"La Señal SOS","Aventura Espacial",MorseModule,1
1779969223884,CALM,0.29964995,0.48084575,0.0,0.5754535,0.32100454,0.2381095,0.6296557,-0.09728836,1.5,-2.0785522,0.5458069,-0.020690918,-0.0087890625,0.9944458,0,0,0,0,"Estado relajado — listo para interactuar",3,"La Señal SOS","Aventura Espacial",MorseModule,1
1779969224134,CALM,0.29663768,0.48275974,0.0,0.59723437,0.3225867,0.2333045,0.6216191,-0.08128336,1.5,-2.586975,2.6393127,-0.017333984,0.049926758,1.0107422,0,0,0,0,"Estado relajado — listo para interactuar",3,"La Señal SOS","Aventura Espacial",MorseModule,1
1779969224385,CALM,0.29428676,0.48517492,0.0,0.59770566,0.3240226,0.23984815,0.5772653,-0.08419476,1.5,-5.0393677,-0.8972168,-0.029541016,0.016357422,1.0042114,0,0,0,0,"Estado relajado — listo para interactuar",3,"La Señal SOS","Aventura Espacial",MorseModule,1
1779969224634,CALM,0.29169056,0.48758504,0.0,0.5977916,0.32019097,0.24483685,0.5437405,-0.09397334,1.5,-2.9608154,-0.5308533,-0.010253906,0.0072631836,1.0081177,0,0,0,0,"Estado relajado — listo para interactuar",3,"La Señal SOS","Aventura Espacial",MorseModule,1
1779969224884,CALM,0.28919017,0.49037597,0.0,0.60915774,0.32986027,0.24365719,0.5299667,-0.09794983,1.5,-2.2654724,1.3682556,-0.0289917,0.042236328,1.017395,0,0,0,0,"Estado relajado — listo para interactuar",3,"La Señal SOS","Aventura Espacial",MorseModule,1
1779969225134,CALM,0.28778088,0.4926861,0.0,0.5958923,0.33799013,0.22229497,0.54154825,-0.098587,1.5,-3.1253052,-1.0766602,-0.018737793,0.036315918,1.0078735,0,0,0,0,"Estado relajado — listo para interactuar",3,"La Señal SOS","Aventura Espacial",MorseModule,1
1779969225384,CALM,0.28601465,0.49587774,0.0,0.6025272,0.3315467,0.2106635,0.5548236,-0.12744063,1.5,-3.7757874,-1.3383484,0.0072021484,0.032165527,1.0107422,0,0,0,0,"Estado relajado — listo para interactuar",3,"La Señal SOS","Aventura Espacial",MorseModule,1
1779969225635,CALM,0.2763934,0.5047813,0.0,0.6281089,0.33312857,0.2155981,0.61413693,-0.14869879,1.5,-1.4430237,-1.6523743,-0.015075684,0.023376465,1.0096436,0,0,0,0,"Estado relajado — listo para interactuar",3,"La Señal SOS","Aventura Espacial",MorseModule,1
1779969225884,CALM,0.273115,0.5085048,0.0,0.6488076,0.37109435,0.24507897,0.70716983,-0.1437418,1.5,-2.0935059,-0.9196472,-0.015686035,0.017578125,1.010498,0,0,0,0,"Estado relajado — listo para interactuar",3,"La Señal SOS","Aventura Espacial",MorseModule,1
1779969226134,CALM,0.27295214,0.511171,0.0,0.6488076,0.3852822,0.26201847,0.7178488,-0.1298269,1.5,-3.2299805,0.052337646,-0.018554688,0.022521973,1.0089111,0,0,0,0,"Estado relajado — listo para interactuar",3,"La Señal SOS","Aventura Espacial",MorseModule,1
1779969226384,CALM,0.27549276,0.5061873,0.0,0.55795807,0.38774514,0.31080577,0.84520674,-0.0389403,1.0,-2.0635986,-0.28411865,-0.017700195,0.026733398,1.0097656,0,0,0,0,"Estado relajado — listo para interactuar",3,"La Señal SOS","Aventura Espacial",MorseModule,0
1779969226634,CALM,0.27687365,0.50108856,0.0,0.5765004,0.36929542,0.32612872,0.88380605,-0.07030654,1.0,-2.9234314,2.8411865,-0.011962891,0.03894043,1.0140381,0,0,0,0,"Estado relajado — listo para interactuar",3,"La Señal SOS","Aventura Espacial",MorseModule,0
1779969226884,CALM,0.27781743,0.4972534,0.0,0.5906531,0.36602274,0.31998372,0.90602183,-0.08932134,1.0,-3.5813904,-0.4336548,-0.015686035,0.0335083,1.0112305,0,0,0,0,"Estado relajado — listo para interactuar",3,"La Señal SOS","Aventura Espacial",MorseModule,0
1779969227135,CALM,0.27943122,0.49333248,0.0,0.5863194,0.36907905,0.31068745,0.9029307,-0.1045539,1.0,-2.9458618,-0.88974,-0.0075683594,0.027954102,1.0117798,0,0,0,0,"Estado relajado — listo para interactuar",3,"La Señal SOS","Aventura Espacial",MorseModule,0
1779969227385,CALM,0.2795455,0.49108875,0.0,0.6041114,0.3461552,0.29818404,0.8655805,-0.11941312,1.0,-3.8131714,-0.71777344,-0.0032348633,0.028259277,1.0084229,0,0,0,0,"Estado relajado — listo para interactuar",3,"La Señal SOS","Aventura Espacial",MorseModule,0
1779969227635,CALM,0.27896112,0.48876247,0.0,0.56554097,0.3188932,0.2677117,0.76260054,-0.15543689,1.0,-2.474823,-0.9046936,0.0037231445,0.030761719,1.0095825,0,0,0,0,"Estado relajado — listo para interactuar",3,"La Señal SOS","Aventura Espacial",MorseModule,0
1779969227884,CALM,0.27827847,0.48458418,0.0,0.5648181,0.31970158,0.3005372,0.6781538,-0.18176909,1.0,-2.9608154,-0.74768066,0.0040893555,0.03314209,1.0097046,0,0,0,0,"Estado relajado — listo para interactuar",3,"La Señal SOS","Aventura Espacial",MorseModule,0
1779969228135,CALM,0.27847412,0.47842377,0.0,0.56051606,0.32257345,0.31315625,0.6644246,-0.18080269,1.0,-3.3496094,-0.463562,-0.0021362305,0.036071777,1.0107422,1,0,0,0,"Estado relajado — listo para interactuar",3,"La Señal SOS","Aventura Espacial",MorseModule,0
1779969228384,CALM,0.27802426,0.47158456,0.0,0.5457057,0.3220296,0.33512843,0.65141934,-0.17842066,1.0,-1.5028381,-1.2486267,0.010070801,0.02960205,1.0060425,0,0,0,0,"Estado relajado — listo para interactuar",3,"La Señal SOS","Aventura Espacial",MorseModule,0
1779969228635,CALM,0.27700326,0.46437675,0.0,0.53320855,0.31945837,0.35606733,0.6565386,-0.18607649,1.0,-2.13089,-0.60562134,0.006164551,0.03527832,1.0078125,1,0,0,0,"Estado relajado — listo para interactuar",3,"La Señal SOS","Aventura Espacial",MorseModule,0
1779969228885,CALM,0.2738633,0.4629323,0.0,0.52490014,0.32120964,0.3645012,0.64368856,-0.19484603,1.0,-2.594452,-0.5383301,-0.0013427734,0.030212402,1.0060425,0,0,0,0,"Estado relajado — listo para interactuar",3,"La Señal SOS","Aventura Espacial",MorseModule,0
1779969229134,CALM,0.27230445,0.45757142,0.0,0.4901597,0.31250656,0.3972132,0.60101193,-0.20144185,1.0,-2.975769,-0.927124,0.012451172,0.032348633,1.0159302,0,0,0,0,"Estado relajado — listo para interactuar",3,"La Señal SOS","Aventura Espacial",MorseModule,0
1779969229384,CALM,0.2712226,0.45113483,0.0,0.4901597,0.31250656,0.3972132,0.60101193,-0.20144185,1.0,-2.586975,-0.6878662,0.008911133,0.03173828,1.0045776,1,0,0,0,"Estado relajado — listo para interactuar",3,"La Señal SOS","Aventura Espacial",MorseModule,0
1779969229634,CALM,0.26971602,0.44478908,0.0,0.4901597,0.31250656,0.3972132,0.60101193,-0.20144185,1.0,-2.66922,-0.62057495,0.006591797,0.03765869,1.0115356,0,0,0,0,"Estado relajado — listo para interactuar",3,"La Señal SOS","Aventura Espacial",MorseModule,0
1779969229884,CALM,0.26961318,0.4363853,0.0,0.4901597,0.31250656,0.3972132,0.60101193,-0.20144185,1.0,-2.7514648,-0.74020386,0.0079956055,0.033325195,1.0067139,0,0,0,0,"Estado relajado — listo para interactuar",3,"La Señal SOS","Aventura Espacial",MorseModule,0
1779969230134,CALM,0.26911783,0.42854488,0.0,0.4901597,0.31250656,0.3972132,0.60101193,-0.20144185,1.0,-2.4523926,-0.7701111,0.010375977,0.030822754,1.0100708,0,0,0,0,"Estado relajado — listo para interactuar",3,"La Señal SOS","Aventura Espacial",MorseModule,0
1779969230384,CALM,0.26907775,0.42167494,0.0,0.4901597,0.31250656,0.3972132,0.60101193,-0.20144185,1.0,-2.6243591,-0.42617798,-0.0010375977,0.035583496,1.0088501,0,0,0,0,"Estado relajado — listo para interactuar",3,"La Señal SOS","Aventura Espacial",MorseModule,0
1779969230635,CALM,0.2689862,0.4154914,0.0,0.4901597,0.31250656,0.3972132,0.60101193,-0.20144185,1.5,-2.743988,-0.72525024,0.0063476562,0.033813477,1.0088501,0,0,0,0,"Estado relajado — listo para interactuar",3,"La Señal SOS","Aventura Espacial",MorseModule,0
1779969230884,CALM,0.2688668,0.4107686,0.0,0.4901597,0.31250656,0.3972132,0.60101193,-0.20144185,1.5,-3.985138,-0.4486084,0.010253906,0.030822754,1.0028687,1,0,0,0,"Estado relajado — listo para interactuar",3,"La Señal SOS","Aventura Espacial",MorseModule,0
1779969231134,NEUTRAL,0.26888886,0.40729812,0.0,0.4901597,0.31250656,0.3972132,0.60101193,-0.20144185,1.5,-2.2654724,-0.24673462,0.004638672,0.036010742,1.0106201,0,0,0,0,"Neutral — sin seguimiento",3,"La Señal SOS","Aventura Espacial",MorseModule,0
1779969231384,NEUTRAL,0.26876163,0.4045949,0.0,0.4901597,0.31250656,0.3972132,0.60101193,-0.20144185,1.5,-2.6916504,-0.657959,0.008239746,0.035339355,1.0112915,1,0,0,0,"Neutral — sin seguimiento",3,"La Señal SOS","Aventura Espacial",MorseModule,0
1779969231634,NEUTRAL,0.26876163,0.4045949,0.0,0.4901597,0.31250656,0.3972132,0.60101193,-0.20144185,1.5,-2.362671,-0.657959,0.012817383,0.031066895,1.0028076,0,0,0,0,"Neutral — sin seguimiento",3,"La Señal SOS","Aventura Espacial",MorseModule,0
1779969231885,NEUTRAL,0.26876163,0.4045949,0.0,0.4901597,0.31250656,0.3972132,0.60101193,-0.20144185,1.5,-2.6542664,-0.5831909,0.0071411133,0.036621094,1.0081177,0,0,0,0,"Neutral — sin seguimiento",3,"La Señal SOS","Aventura Espacial",MorseModule,0
1779969232137,NEUTRAL,0.26876163,0.4045949,0.0,0.4901597,0.31250656,0.3972132,0.60101193,-0.20144185,1.5,-2.6916504,-1.0168457,0.0078125,0.03186035,1.0076294,0,0,0,0,"Neutral — sin seguimiento",3,"La Señal SOS","Aventura Espacial",MorseModule,0
1779969232384,NEUTRAL,0.26876163,0.4045949,0.0,0.4901597,0.31250656,0.3972132,0.60101193,-0.20144185,1.5,-2.7738953,-0.71777344,0.009460449,0.03387451,1.005249,1,0,0,0,"Neutral — sin seguimiento",3,"La Señal SOS","Aventura Espacial",MorseModule,0
1779969232634,NEUTRAL,0.26876163,0.4045949,0.0,0.4901597,0.31250656,0.3972132,0.60101193,-0.20144185,1.5,-2.6019287,-0.7028198,0.011108398,0.033813477,1.0119629,0,0,0,0,"Neutral — sin seguimiento",3,"La Señal SOS","Aventura Espacial",MorseModule,0
1779969232884,NEUTRAL,0.26876163,0.4045949,0.0,0.4901597,0.31250656,0.3972132,0.60101193,-0.20144185,2.0,-2.5794983,-0.41870117,0.013366699,0.033813477,1.0067749,0,0,0,0,"Neutral — sin seguimiento",3,"La Señal SOS","Aventura Espacial",MorseModule,0
1779969233134,NEUTRAL,0.26876163,0.4045949,0.0,0.4901597,0.31250656,0.3972132,0.60101193,-0.20144185,2.0,-2.1981812,-0.17944336,0.0079956055,0.035217285,1.0064087,0,0,0,0,"Neutral — sin seguimiento",3,"La Señal SOS","Aventura Espacial",MorseModule,0
1779969233385,NEUTRAL,0.26876163,0.4045949,0.0,0.4901597,0.31250656,0.3972132,0.60101193,-0.20144185,2.0,-2.3252869,-0.6803894,0.009460449,0.032043457,1.0089722,0,0,0,0,"Neutral — sin seguimiento",3,"La Señal SOS","Aventura Espacial",MorseModule,0
1779969233636,NEUTRAL,0.26876163,0.4045949,0.0,0.4901597,0.31250656,0.3972132,0.60101193,-0.20144185,2.0,-2.168274,-0.6504822,0.0031738281,0.02947998,1.008728,0,0,0,0,"Neutral — sin seguimiento",3,"La Señal SOS","Aventura Espacial",MorseModule,0
1779969233884,NEUTRAL,0.27024528,0.40815672,0.0,0.39080587,0.19984612,0.18834916,0.35408276,-0.16904047,1.75,-2.4299622,-0.4336548,0.0053710938,0.026000977,1.0045166,0,0,0,0,"Neutral — sin seguimiento",3,"La Señal SOS","Aventura Espacial",MorseModule,0
1779969234134,CALM,0.27144173,0.4114009,0.0,0.40687355,0.21463813,0.21696922,0.34517312,-0.18311787,1.75,-2.3925781,-0.7925415,0.008544922,0.031433105,1.0092163,0,0,0,0,"Neutral — sin seguimiento",3,"La Señal SOS","Aventura Espacial",MorseModule,1
1779969234384,CALM,0.27160776,0.4132524,0.0,0.41291702,0.21850581,0.2728493,0.39965764,-0.174528,1.25,-2.243042,-0.59814453,0.0018920898,0.03137207,1.0112915,0,0,0,0,"Neutral — sin seguimiento",3,"La Señal SOS","Aventura Espacial",MorseModule,1
1779969234634,CALM,0.27040762,0.41606125,0.0,0.45871088,0.2320688,0.31468174,0.45457834,-0.16660446,1.25,-0.695343,0.029907227,0.010498047,0.03149414,1.0005493,0,0,0,0,"Neutral — sin seguimiento",3,"La Señal SOS","Aventura Espacial",MorseModule,1
1779969234884,CALM,0.26921415,0.41982165,0.0,0.47318047,0.23720337,0.30609232,0.49769738,-0.16894518,1.0,-1.4355469,-0.3439331,-0.0015869141,0.022705078,1.0075073,0,0,0,0,"Neutral — sin seguimiento",3,"La Señal SOS","Aventura Espacial",MorseModule,1
1779969235134,CALM,0.2682427,0.4218468,0.0,0.46624815,0.25139454,0.33784947,0.573287,-0.17187887,1.0,-2.8561401,-1.2112427,-0.0015869141,0.024841309,1.0108032,0,0,0,0,"Neutral — sin seguimiento",3,"La Señal SOS","Aventura Espacial",MorseModule,1
1779969235384,CALM,0.26632,0.42267492,0.0,0.47054127,0.25185275,0.38311014,0.6080507,-0.17145039,1.0,-1.7570496,0.029907227,-0.0034179688,0.03137207,1.0219116,0,0,0,0,"Neutral — sin seguimiento",3,"La Señal SOS","Aventura Espacial",MorseModule,1
1779969235634,CALM,0.2641601,0.4215675,0.0,0.454954,0.25296912,0.4154637,0.68004817,-0.16012001,1.0,-1.7570496,-0.30654907,-0.014465332,0.03161621,1.0070801,0,0,0,0,"Neutral — sin seguimiento",3,"La Señal SOS","Aventura Espacial",MorseModule,1
1779969235884,CALM,0.26231703,0.42063534,0.0,0.45444858,0.25606608,0.40703973,0.704393,-0.16616404,1.0,-2.8112793,-1.2561035,-0.0061035156,0.029663086,1.0081177,0,0,0,0,"Neutral — sin seguimiento",3,"La Señal SOS","Aventura Espacial",MorseModule,1
1779969236134,CALM,0.25991222,0.4217301,0.0,0.47466713,0.24470973,0.38720343,0.7095888,-0.17816687,1.0,-2.975769,-1.2037659,0.004272461,0.02911377,1.0116577,0,0,0,0,"Neutral — sin seguimiento",3,"La Señal SOS","Aventura Espacial",MorseModule,1
1779969236384,CALM,0.25878304,0.42215806,0.0,0.48305285,0.27024558,0.2872824,0.83573776,-0.20783381,1.0,-3.050537,0.231781,0.0057373047,0.033203125,1.0110474,0,0,0,0,"Estado relajado — listo para interactuar",3,"La Señal SOS","Aventura Espacial",MorseModule,1
1779969236635,CALM,0.25744155,0.4230778,0.0,0.48260492,0.26005927,0.29009834,0.8196626,-0.20933494,1.0,-2.9159546,-0.59814453,0.003967285,0.02935791,1.0081177,0,0,0,0,"Estado relajado — listo para interactuar",3,"La Señal SOS","Aventura Espacial",MorseModule,1
1779969236884,CALM,0.25495493,0.43089026,0.0,0.60086447,0.29097304,0.30430326,0.94181794,-0.22828364,1.0,-2.5346375,-1.0392761,0.008056641,0.030334473,1.0134888,0,0,0,0,"Estado relajado — listo para interactuar",3,"La Señal SOS","Aventura Espacial",MorseModule,1
1779969237134,CALM,0.25159255,0.4419899,0.0,0.6759468,0.28917456,0.3083031,0.9048053,-0.2270838,1.0,-2.586975,-0.6654358,0.0051879883,0.030334473,1.0077515,0,0,0,0,"Estado relajado — listo para interactuar",3,"La Señal SOS","Aventura Espacial",MorseModule,0
1779969237384,CALM,0.24797824,0.45263144,0.0,0.67769456,0.28219825,0.3014788,0.90383166,-0.20817557,1.0,-2.7963257,-0.8673096,0.013305664,0.027770996,1.0043335,0,0,0,0,"Estado relajado — listo para interactuar",3,"La Señal SOS","Aventura Espacial",MorseModule,0
1779969237634,CALM,0.24330707,0.46533334,0.0,0.68109477,0.26628333,0.3118037,0.9343907,-0.19096832,1.0,-2.8038025,-0.7028198,0.004333496,0.02947998,1.0119629,0,0,0,0,"Estado relajado — listo para interactuar",3,"La Señal SOS","Aventura Espacial",MorseModule,0
1779969237885,CALM,0.2398062,0.48024118,0.0,0.6820915,0.26387066,0.2817063,0.8986435,-0.20224679,1.0,-1.0617065,2.6019287,0.026123047,0.034362793,0.9942627,0,0,0,0,"Estado relajado — listo para interactuar",3,"La Señal SOS","Aventura Espacial",MorseModule,0
1779969238135,CALM,0.23782232,0.4986717,0.0,0.6832424,0.2780903,0.21114585,0.8931508,-0.22413784,1.0,-2.4598694,2.3327637,-0.020935059,0.016967773,1.0136719,0,0,0,0,"Estado relajado — listo para interactuar",3,"La Señal SOS","Aventura Espacial",MorseModule,0
1779969238385,CALM,0.23658088,0.51507974,0.0,0.6482356,0.27697423,0.20746759,0.9249117,-0.21604373,1.0,-4.9645996,-3.708496,0.0053710938,-0.015686035,1.0075684,0,0,0,0,"Estado relajado — listo para interactuar",3,"La Señal SOS","Aventura Espacial",MorseModule,0
1779969238635,CALM,0.23550193,0.52708226,0.0,0.6344694,0.27472958,0.26834005,1.1235536,-0.18835148,1.0,-4.837494,-2.31781,0.016845703,0.022216797,1.0161743,0,0,0,0,"Estado relajado — listo para interactuar",3,"La Señal SOS","Aventura Espacial",MorseModule,0
1779969238885,CALM,0.23336817,0.53249735,0.0,0.5618073,0.26363632,0.26262954,1.1707706,-0.17157155,1.0,-2.938385,0.60562134,0.05126953,0.030334473,1.0098877,0,0,0,0,"Estado relajado — listo para interactuar",3,"La Señal SOS","Aventura Espacial",MorseModule,0
1779969239134,CALM,0.23202252,0.5370602,0.0,0.5567923,0.26953354,0.27026564,1.1809813,-0.17274573,1.0,-2.5794983,-0.20935059,0.024108887,0.041137695,1.0144653,0,0,0,0,"Estado relajado — listo para interactuar",3,"La Señal SOS","Aventura Espacial",MorseModule,0
1779969239384,CALM,0.23437387,0.5319196,0.0,0.5314919,0.308309,0.32730994,1.2526067,-0.14237188,1.0,-2.1832275,0.50094604,0.041015625,0.003479004,1.0088501,0,0,0,0,"Estado relajado — listo para interactuar",3,"La Señal SOS","Aventura Espacial",MorseModule,0
1779969239635,CALM,0.23819676,0.5212823,0.0,0.52289605,0.29935774,0.36114842,1.2941217,-0.11153939,1.0,-2.66922,1.5402222,0.026489258,0.040405273,1.010498,0,0,0,0,"Estado relajado — listo para interactuar",3,"La Señal SOS","Aventura Espacial",MorseModule,0
1779969239884,CALM,0.2405924,0.5126035,0.0,0.53478724,0.25883678,0.33796626,1.2688689,-0.11265565,1.0,-1.0542297,-1.1140442,0.036254883,0.02331543,1.0112915,0,0,0,0,"Estado relajado — listo para interactuar",3,"La Señal SOS","Aventura Espacial",MorseModule,0
1779969240135,CALM,0.24667278,0.49735284,0.0,0.39545205,0.23047264,0.30930367,1.0973973,-0.14975299,1.0,-1.9813538,-0.5532837,0.023132324,0.029663086,1.0094604,0,0,0,0,"Estado relajado — listo para interactuar",3,"La Señal SOS","Aventura Espacial",MorseModule,0
1779969240384,CALM,0.25260115,0.4793979,0.0,0.3887832,0.24370861,0.3425468,0.9806659,-0.20201877,1.0,-2.086029,-0.15701294,0.03363037,0.016113281,1.0072632,0,0,0,0,"Estado relajado — listo para interactuar",3,"La Señal SOS","Aventura Espacial",MorseModule,0
1779969240634,CALM,0.257139,0.46171382,0.0,0.41923612,0.2517968,0.32974145,0.97796947,-0.19754362,1.5,-1.547699,0.95703125,0.018005371,0.016967773,1.0113525,0,0,0,0,"Estado relajado — listo para interactuar",3,"La Señal SOS","Aventura Espacial",MorseModule,0
1779969240884,CALM,0.2601727,0.44829196,0.0,0.45993635,0.2599552,0.3179987,0.96776783,-0.1963778,1.5,-2.7290344,3.1103516,0.013549805,0.025268555,1.0142822,0,0,0,0,"Estado relajado — listo para interactuar",3,"La Señal SOS","Aventura Espacial",MorseModule,0
1779969241134,CALM,0.26292455,0.4400727,0.0,0.51598155,0.27689987,0.31464553,0.92555594,-0.1954515,1.5,-2.4673462,-1.622467,0.020080566,0.032043457,1.0099487,0,0,0,0,"Estado relajado — listo para interactuar",3,"La Señal SOS","Aventura Espacial",MorseModule,0
1779969241384,CALM,0.26401913,0.4353248,0.0,0.5328378,0.2966623,0.33626407,0.90232813,-0.19302233,1.5,-2.280426,-0.7925415,0.017333984,0.015319824,1.0054932,0,0,0,0,"Estado relajado — listo para interactuar",3,"La Señal SOS","Aventura Espacial",MorseModule,0
1779969241635,CALM,0.26486215,0.43049562,0.0,0.5332611,0.3050711,0.35485867,0.8919705,-0.18725795,1.5,-2.938385,-0.95703125,0.028259277,0.013793945,1.0158081,0,0,0,0,"Estado relajado — listo para interactuar",3,"La Señal SOS","Aventura Espacial",MorseModule,0
1779969241885,CALM,0.2647048,0.42988205,0.0,0.52846295,0.3086973,0.34199557,0.88288724,-0.18155289,1.5,-2.4822998,-0.5308533,0.009277344,0.022949219,1.0042114,1,0,0,0,"Estado relajado — listo para interactuar",3,"La Señal SOS","Aventura Espacial",MorseModule,0
1779969242134,CALM,0.26595575,0.4300856,0.0,0.5261287,0.32087785,0.34087792,0.8342981,-0.18143333,1.5,-3.521576,-0.0074768066,0.024108887,0.033813477,1.0062256,0,0,0,0,"Estado relajado — listo para interactuar",3,"La Señal SOS","Aventura Espacial",MorseModule,0
1779969242384,CALM,0.26914406,0.42651904,0.0,0.51594543,0.32810372,0.3595904,0.810404,-0.17829597,1.5,-2.8561401,-1.4056396,0.01940918,0.03100586,1.0072632,0,0,0,0,"Estado relajado — listo para interactuar",3,"La Señal SOS","Aventura Espacial",MorseModule,0
1779969242634,CALM,0.27048707,0.42433763,0.0,0.45771077,0.33797202,0.40693545,0.8367203,-0.17311789,1.5,-2.6094055,-0.83740234,0.018615723,0.03173828,1.0111694,0,0,0,0,"Estado relajado — listo para interactuar",3,"La Señal SOS","Aventura Espacial",MorseModule,0
1779969242884,CALM,0.27176297,0.42385158,0.0,0.45771077,0.33797202,0.40693545,0.8367203,-0.17311789,1.5,-3.1477356,-0.5906677,0.026000977,0.034729004,1.0117798,0,0,0,0,"Estado relajado — listo para interactuar",3,"La Señal SOS","Aventura Espacial",MorseModule,0
1779969243134,CALM,0.27314964,0.42150748,0.0,0.45771077,0.33797202,0.40693545,0.8367203,-0.17311789,1.5,-2.2953796,-0.62805176,0.029052734,0.035827637,1.0087891,1,0,0,0,"Estado relajado — listo para interactuar",3,"La Señal SOS","Aventura Espacial",MorseModule,0
1779969243384,CALM,0.2749812,0.41674846,0.0,0.45771077,0.33797202,0.40693545,0.8367203,-0.17311789,1.5,-1.9963074,-0.5458069,0.022949219,0.03717041,1.0093994,0,0,0,0,"Estado relajado — listo para interactuar",3,"La Señal SOS","Aventura Espacial",MorseModule,0
1779969243634,NEUTRAL,0.27749383,0.40916535,0.0,0.45771077,0.33797202,0.40693545,0.8367203,-0.17311789,1.5,-2.5720215,-0.23925781,0.02368164,0.037719727,1.0084229,0,0,0,0,"Neutral — sin seguimiento",3,"La Señal SOS","Aventura Espacial",MorseModule,0
1779969243885,NEUTRAL,0.27995926,0.4018033,0.0,0.45771077,0.33797202,0.40693545,0.8367203,-0.17311789,1.5,-2.743988,-0.82992554,0.02178955,0.032104492,1.0108643,0,0,0,0,"Neutral — sin seguimiento",3,"La Señal SOS","Aventura Espacial",MorseModule,0
1779969244134,NEUTRAL,0.2823877,0.39520064,0.0,0.45771077,0.33797202,0.40693545,0.8367203,-0.17311789,1.5,-2.975769,-1.084137,0.03173828,0.030761719,1.0010376,0,0,0,0,"Neutral — sin seguimiento",3,"La Señal SOS","Aventura Espacial",MorseModule,0
1779969244384,NEUTRAL,0.28429505,0.3885858,0.0,0.45771077,0.33797202,0.40693545,0.8367203,-0.17311789,1.5,-2.8710938,-0.20187378,0.034179688,0.032287598,1.0097046,0,0,0,0,"Neutral — sin seguimiento",3,"La Señal SOS","Aventura Espacial",MorseModule,0
1779969244635,NEUTRAL,0.28638884,0.38764313,0.0,0.46789742,0.3040607,0.2742752,0.8935472,-0.14590311,1.5,-3.5739136,-0.12710571,0.024780273,0.03302002,1.0046997,0,0,0,0,"Neutral — sin seguimiento",3,"La Señal SOS","Aventura Espacial",MorseModule,0
1779969244884,NEUTRAL,0.28857797,0.38867465,0.0,0.4739157,0.30877537,0.25738093,0.8463521,-0.12429763,1.5,-2.1757507,-0.41122437,0.039001465,0.029846191,1.0073242,0,0,0,0,"Neutral — sin seguimiento",3,"La Señal SOS","Aventura Espacial",MorseModule,1
1779969245134,NEUTRAL,0.28927162,0.39601362,0.0,0.47785676,0.29136005,0.2312375,0.83297586,-0.13586779,1.5,-2.5570679,-0.5458069,0.03503418,0.03387451,1.0076294,0,0,0,0,"Neutral — sin seguimiento",3,"La Señal SOS","Aventura Espacial",MorseModule,1
1779969245385,NEUTRAL,0.28845426,0.4060311,0.0,0.5086855,0.27417487,0.21669845,0.8734195,-0.15275413,1.5,-3.671112,1.1813354,0.04248047,0.038208008,1.0004272,0,0,0,0,"Neutral — sin seguimiento",3,"La Señal SOS","Aventura Espacial",MorseModule,1
1779969245634,CALM,0.28751424,0.41632664,0.0,0.51097167,0.27202314,0.21368799,0.88555187,-0.14914306,1.5,3.6935425,-11.125488,0.055847168,0.022521973,1.0264893,0,0,0,0,"Neutral — sin seguimiento",3,"La Señal SOS","Aventura Espacial",MorseModule,1
1779969245884,CALM,0.2853666,0.4247867,0.0,0.5069553,0.26557443,0.27796185,0.8846842,-0.16017988,1.5,4.3141174,-1.5028381,-0.047424316,-0.08905029,0.946228,0,0,0,0,"Neutral — sin seguimiento",3,"La Señal SOS","Aventura Espacial",MorseModule,1
1779969246135,CALM,0.2801728,0.43210742,0.0,0.53975105,0.25619948,0.38359648,0.9624106,-0.1766937,1.5,-6.2506104,-0.73272705,0.00579834,-0.086242676,1.0089722,1,0,0,0,"Neutral — sin seguimiento",3,"La Señal SOS","Aventura Espacial",MorseModule,1
1779969246384,CALM,0.2741383,0.43838483,0.0,0.5368647,0.24763659,0.41613805,1.0355475,-0.1995997,1.5,-1.5177917,7.5590515,0.013305664,-0.029663086,1.0107422,0,0,0,0,"Neutral — sin seguimiento",4,"Panel de Evacuación","Aventura Espacial",BlinkClenchModule,1
1779969246634,CALM,0.2677431,0.4420357,0.0,0.5311223,0.261625,0.47436705,1.1122967,-0.22409232,2.0,-3.170166,2.362671,-0.006652832,0.040527344,1.0100708,0,0,0,0,"Neutral — sin seguimiento",4,"Panel de Evacuación","Aventura Espacial",BlinkClenchModule,1
1779969246884,CALM,0.2614526,0.44373336,0.0,0.52324665,0.27677208,0.5090301,1.1362762,-0.22269233,1.5,-4.7851562,2.1981812,0.04937744,0.023376465,1.0056152,1,0,0,0,"Neutral — sin seguimiento",4,"Panel de Evacuación","Aventura Espacial",BlinkClenchModule,1
1779969247134,CALM,0.2530772,0.43966118,0.0,0.5290364,0.26327485,0.54065555,1.2092744,-0.2472059,1.5,-4.022522,-0.4560852,0.035949707,0.02746582,1.0022583,0,0,0,0,"Neutral — sin seguimiento",4,"Panel de Evacuación","Aventura Espacial",BlinkClenchModule,1
1779969247384,CALM,0.24335422,0.43558568,0.0,0.54070914,0.24691467,0.54872733,1.2391765,-0.26079604,1.5,-1.9439697,0.20187378,0.004638672,0.0413208,1.0112915,0,0,0,0,"Neutral — sin seguimiento",4,"Panel de Evacuación","Aventura Espacial",BlinkClenchModule,1
1779969247634,CALM,0.23626092,0.43196136,0.0,0.51518357,0.24493061,0.45705023,1.2277644,-0.24005626,1.5,-1.1514282,1.6075134,0.0013427734,0.061035156,1.0064697,0,0,0,0,"Neutral — sin seguimiento",4,"Panel de Evacuación","Aventura Espacial",BlinkClenchModule,1
1779969247884,CALM,0.23184453,0.4243654,0.0,0.48311782,0.24879692,0.44026354,1.1687381,-0.1828233,1.5,-6.0188293,-2.8112793,0.022399902,0.04736328,1.0084229,0,0,0,0,"Neutral — sin seguimiento",4,"Panel de Evacuación","Aventura Espacial",BlinkClenchModule,1
1779969248134,CALM,0.2268037,0.4178697,0.0,0.5003614,0.23731363,0.4352606,1.1287574,-0.16334325,1.5,-3.3944702,-0.60562134,0.032714844,0.03729248,1.0056152,0,0,0,0,"Neutral — sin seguimiento",4,"Panel de Evacuación","Aventura Espacial",BlinkClenchModule,1
1779969248384,CALM,0.22224803,0.41505364,0.0,0.5251337,0.22916473,0.42733783,1.0987648,-0.1516625,1.5,-1.7720032,-0.6654358,0.022338867,0.053833008,1.0123901,0,0,0,0,"Neutral — sin seguimiento",4,"Panel de Evacuación","Aventura Espacial",BlinkClenchModule,1
1779969248634,CALM,0.22077903,0.41574723,0.0,0.56084275,0.2425803,0.4086301,0.99430466,-0.14571433,1.5,-3.6262512,-0.8149719,0.03265381,0.053466797,1.0095215,0,0,0,0,"Neutral — sin seguimiento",4,"Panel de Evacuación","Aventura Espacial",BlinkClenchModule,0
1779969248884,CALM,0.22082311,0.41832703,0.0,0.5650891,0.25197852,0.3840417,0.9551719,-0.14016631,1.5,-2.3402405,-0.82244873,0.038208008,0.04949951,1.0105591,0,0,0,0,"Estado relajado — listo para interactuar",4,"Panel de Evacuación","Aventura Espacial",BlinkClenchModule,0
1779969249134,CALM,0.22211206,0.42473838,0.0,0.556215,0.24863927,0.3334983,0.89725095,-0.14848894,1.5,-1.8392944,-1.158905,0.026428223,0.051574707,1.0111694,0,0,0,0,"Estado relajado — listo para interactuar",4,"Panel de Evacuación","Aventura Espacial",BlinkClenchModule,0
1779969249384,CALM,0.2231488,0.4338753,0.0,0.5560348,0.23876995,0.31677684,0.8620115,-0.17412728,1.5,-2.4150085,-0.6654358,0.02935791,0.045410156,1.0072632,0,0,0,0,"Estado relajado — listo para interactuar",4,"Panel de Evacuación","Aventura Espacial",BlinkClenchModule,0
1779969249634,CALM,0.2254752,0.44149396,0.0,0.56336904,0.2653769,0.37311068,0.7724005,-0.24897932,1.0,-2.1084595,0.47103882,0.028137207,0.047790527,1.012085,0,0,0,0,"Estado relajado — listo para interactuar",4,"Panel de Evacuación","Aventura Espacial",BlinkClenchModule,0
1779969249885,CALM,0.22836335,0.4483842,0.0,0.56697714,0.2617283,0.38461858,0.7460773,-0.25195202,1.0,-2.631836,-0.3514099,0.021728516,0.052124023,1.0031738,0,0,0,0,"Estado relajado — listo para interactuar",4,"Panel de Evacuación","Aventura Espacial",BlinkClenchModule,0
1779969250134,CALM,0.2289555,0.45306396,0.0,0.55830896,0.2530229,0.38553396,0.7379809,-0.2509876,1.0,-2.2355652,-0.6803894,0.02142334,0.05053711,1.0099487,0,0,0,0,"Estado relajado — listo para interactuar",4,"Panel de Evacuación","Aventura Espacial",BlinkClenchModule,0
1779969250385,CALM,0.22924998,0.45878294,0.0,0.54602426,0.25933063,0.36695313,0.7263986,-0.2387272,1.0,-1.7944336,-0.5458069,0.02142334,0.05078125,1.0092773,0,0,0,0,"Estado relajado — listo para interactuar",4,"Panel de Evacuación","Aventura Espacial",BlinkClenchModule,0
1779969250634,CALM,0.22990513,0.46498913,0.0,0.58332664,0.27219576,0.3652812,0.7024859,-0.22294287,1.0,-2.7290344,-0.695343,0.018920898,0.051696777,1.0073853,0,0,0,0,"Estado relajado — listo para interactuar",4,"Panel de Evacuación","Aventura Espacial",BlinkClenchModule,0
1779969250885,CALM,0.23030967,0.47092703,0.0,0.61929274,0.2755607,0.37799737,0.6579991,-0.20343612,1.0,-2.474823,-1.1140442,0.02520752,0.0513916,1.0110474,0,0,0,0,"Estado relajado — listo para interactuar",4,"Panel de Evacuación","Aventura Espacial",BlinkClenchModule,0
1779969251134,CALM,0.23073113,0.47393307,0.0,0.614933,0.27728793,0.38627568,0.71319187,-0.20131409,1.0,-2.2654724,-1.0467529,0.026977539,0.049926758,1.0079346,0,0,0,0,"Estado relajado — listo para interactuar",4,"Panel de Evacuación","Aventura Espacial",BlinkClenchModule,0
1779969251386,CALM,0.23268683,0.4762161,0.0,0.58680266,0.28886715,0.32050925,0.7615915,-0.2103891,1.0,-2.2654724,-0.49346924,0.024414062,0.044921875,1.008667,0,0,0,0,"Estado relajado — listo para interactuar",4,"Panel de Evacuación","Aventura Espacial",BlinkClenchModule,0
1779969251635,CALM,0.2359216,0.4766939,0.0,0.5592743,0.30327615,0.2719279,0.7753239,-0.21126953,1.0,-2.011261,-0.47103882,0.023498535,0.047302246,1.0072632,0,0,0,0,"Estado relajado — listo para interactuar",4,"Panel de Evacuación","Aventura Espacial",BlinkClenchModule,0
1779969251884,CALM,0.23924887,0.47602314,0.0,0.5601417,0.30664566,0.28364256,0.75608814,-0.2155285,1.0,-1.8093872,0.41870117,0.016296387,0.04925537,1.001709,0,0,0,0,"Estado relajado — listo para interactuar",4,"Panel de Evacuación","Aventura Espacial",BlinkClenchModule,0
1779969252134,CALM,0.24283361,0.47626925,0.0,0.5408019,0.30234173,0.28898415,0.7543975,-0.22271675,1.0,-3.058014,0.50842285,0.026306152,0.047058105,1.0123901,0,0,0,0,"Estado relajado — listo para interactuar",4,"Panel de Evacuación","Aventura Espacial",BlinkClenchModule,0
1779969252384,CALM,0.248905,0.47409418,0.0,0.47257584,0.28986102,0.2517453,0.7352764,-0.22460182,1.25,-2.2879028,-0.88974,0.022094727,0.047851562,1.0154419,0,0,0,0,"Estado relajado — listo para interactuar",4,"Panel de Evacuación","Aventura Espacial",BlinkClenchModule,0
1779969252643,CALM,0.25808138,0.47018397,0.0,0.42449522,0.304285,0.20931925,0.7010081,-0.21385334,1.0,-2.4299622,-1.0317993,0.018676758,0.047851562,1.0062866,0,0,0,0,"Estado relajado — listo para interactuar",4,"Panel de Evacuación","Aventura Espacial",BlinkClenchModule,0
1779969252886,CALM,0.2678661,0.4656854,0.0,0.4108736,0.31898677,0.19360706,0.69665056,-0.19477022,1.0,-1.9813538,-0.9196472,0.024291992,0.05316162,1.0099487,0,0,0,0,"Estado relajado — listo para interactuar",4,"Panel de Evacuación","Aventura Espacial",BlinkClenchModule,0
1779969253135,CALM,0.27955228,0.45697734,0.0,0.3712269,0.3238631,0.19338539,0.7278466,-0.18305999,1.25,-2.280426,-1.4355469,0.01928711,0.04888916,1.0083008,0,0,0,0,"Estado relajado — listo para interactuar",4,"Panel de Evacuación","Aventura Espacial",BlinkClenchModule,0
1779969253384,CALM,0.2915247,0.44889006,0.0,0.4011876,0.32145402,0.17352615,0.7263958,-0.18497555,1.5,-3.902893,-1.5028381,0.017456055,0.041259766,1.0056763,0,0,0,0,"Estado relajado — listo para interactuar",4,"Panel de Evacuación","Aventura Espacial",BlinkClenchModule,0
1779969253635,CALM,0.3005021,0.44292846,0.0,0.4571942,0.32244915,0.2371326,0.830749,-0.18095912,1.5,-1.9215393,-1.4804077,0.038513184,0.039245605,1.0089722,1,0,0,0,"Estado relajado — listo para interactuar",4,"Panel de Evacuación","Aventura Espacial",BlinkClenchModule,1
1779969253885,CALM,0.30760866,0.43606716,0.0,0.4556184,0.33347675,0.25095147,0.8562457,-0.17392142,1.5,-3.058014,-0.62057495,0.0053100586,0.05291748,1.0070801,0,0,0,0,"Estado relajado — listo para interactuar",4,"Panel de Evacuación","Aventura Espacial",BlinkClenchModule,1
1779969254135,CALM,0.31180742,0.42890343,0.0,0.45452762,0.33150214,0.28573403,0.9024946,-0.1660746,1.5,-2.2729492,-0.6878662,0.028686523,0.042114258,1.0031128,0,0,0,0,"Estado relajado — listo para interactuar",4,"Panel de Evacuación","Aventura Espacial",BlinkClenchModule,1
1779969254385,CALM,0.31480944,0.42163923,0.0,0.45057517,0.3147012,0.31296209,0.9214472,-0.177974,1.5,-2.2280884,-0.5682373,0.02508545,0.047912598,1.0108032,0,0,0,0,"Estado relajado — listo para interactuar",4,"Panel de Evacuación","Aventura Espacial",BlinkClenchModule,1
1779969254634,CALM,0.31658056,0.4139034,0.0,0.44816762,0.3157799,0.36392882,0.953254,-0.22702461,1.5,-2.3925781,-0.7925415,0.022827148,0.052246094,1.0065308,0,0,0,0,"Estado relajado — listo para interactuar",4,"Panel de Evacuación","Aventura Espacial",BlinkClenchModule,1
1779969254884,NEUTRAL,0.3162908,0.4086644,0.0,0.44816762,0.3157799,0.36392882,0.953254,-0.22702461,1.5,-2.3477173,-0.8972168,0.024108887,0.040039062,1.0111084,0,0,0,0,"Neutral — sin seguimiento",4,"Panel de Evacuación","Aventura Espacial",BlinkClenchModule,1
1779969255135,NEUTRAL,0.3130532,0.40547407,0.0,0.44816762,0.3157799,0.36392882,0.953254,-0.22702461,1.5,-2.3701477,-0.73272705,0.024658203,0.043395996,1.0093384,0,0,0,0,"Neutral — sin seguimiento",4,"Panel de Evacuación","Aventura Espacial",BlinkClenchModule,0
1779969255385,CALM,0.30885577,0.41063204,0.0,0.5051603,0.30414063,0.21995066,0.7671768,-0.14870453,1.5,-2.3851013,-0.14205933,0.028137207,0.050964355,1.0153809,0,0,0,0,"Neutral — sin seguimiento",4,"Panel de Evacuación","Aventura Espacial",BlinkClenchModule,0
1779969255635,CALM,0.3024008,0.41927817,0.0,0.52932405,0.3066143,0.22628239,0.7997692,-0.1514107,1.5,-2.7738953,-0.52337646,0.030090332,0.04876709,1.0082397,0,0,0,0,"Neutral — sin seguimiento",4,"Panel de Evacuación","Aventura Espacial",BlinkClenchModule,0
1779969255885,CALM,0.29661232,0.42646226,0.0,0.5383129,0.3086557,0.21536535,0.9117998,-0.1348668,1.5,-3.476715,-1.6673279,0.033935547,0.050964355,1.0076904,0,0,0,0,"Neutral — sin seguimiento",4,"Panel de Evacuación","Aventura Espacial",BlinkClenchModule,0
1779969256135,CALM,0.2940282,0.43246636,0.0,0.5449302,0.31588218,0.20609803,0.97787935,-0.1327098,1.5,-3.2972717,-1.1439514,0.028869629,0.04949951,1.0042725,0,0,0,0,"Neutral — sin seguimiento",4,"Panel de Evacuación","Aventura Espacial",BlinkClenchModule,0
1779969256385,CALM,0.29186982,0.4384806,0.0,0.547081,0.33626616,0.21530686,1.0021077,-0.13379194,1.5,-4.052429,-0.82992554,0.04736328,0.05432129,1.006897,1,0,0,0,"Neutral — sin seguimiento",4,"Panel de Evacuación","Aventura Espacial",BlinkClenchModule,0
1779969256635,CALM,0.28976429,0.44492155,0.0,0.5673939,0.35062268,0.2620311,1.0325186,-0.10561512,1.5,-2.2654724,-0.059814453,0.05065918,0.049194336,1.0050659,0,0,0,0,"Neutral — sin seguimiento",4,"Panel de Evacuación","Aventura Espacial",BlinkClenchModule,0
1779969256884,CALM,0.28472593,0.44904113,0.009072176,0.70329577,0.44486535,0.38390625,1.0815635,0.009984878,1.5,-4.919739,-2.2280884,0.03466797,0.04437256,1.0059204,0,0,0,0,"Neutral — sin seguimiento",4,"Panel de Evacuación","Aventura Espacial",BlinkClenchModule,0
1779969257135,CALM,0.28215075,0.45216376,0.018681303,0.6785177,0.4720214,0.3960634,1.1262002,0.036188252,2.0,-2.5271606,-1.4430237,0.05419922,0.051879883,1.0116577,1,0,0,0,"Neutral — sin seguimiento",4,"Panel de Evacuación","Aventura Espacial",BlinkClenchModule,0
1779969257384,CALM,0.28050637,0.45361602,0.028282069,0.67102337,0.49723333,0.4206371,1.1300572,0.0458684,2.5,-2.048645,-0.231781,0.048706055,0.048706055,1.0134277,0,0,0,0,"Neutral — sin seguimiento",4,"Panel de Evacuación","Aventura Espacial",BlinkClenchModule,0
1779969257635,CALM,0.2796814,0.45294368,0.038093895,0.6506666,0.5131948,0.4440767,1.1040273,0.058357097,2.0,-3.4692383,-1.8841553,0.045776367,0.05303955,1.0088501,0,0,0,0,"Neutral — sin seguimiento",4,"Panel de Evacuación","Aventura Espacial",BlinkClenchModule,0
1779969257884,CALM,0.2786612,0.44359803,0.048277654,0.6297643,0.51067126,0.44513464,1.0959564,0.06702813,2.0,-2.7963257,-0.51589966,0.055664062,0.052246094,1.0078125,1,0,0,0,"Neutral — sin seguimiento",4,"Panel de Evacuación","Aventura Espacial",BlinkClenchModule,0
1779969258134,CALM,0.278856,0.43148917,0.058797687,0.6297643,0.53718793,0.47868568,1.097843,0.10045746,2.5,-2.1383667,0.8822632,0.035583496,0.044921875,1.0056152,0,1,0,0,"Neutral — sin seguimiento",4,"Panel de Evacuación","Aventura Espacial",BlinkClenchModule,0
1779969258385,CALM,0.27907118,0.41864568,0.06931772,0.6297643,0.53718793,0.47868568,1.097843,0.10045746,2.5,-2.781372,-0.3215027,0.053100586,0.047180176,1.0054932,0,0,0,0,"Neutral — sin seguimiento",4,"Panel de Evacuación","Aventura Espacial",BlinkClenchModule,0
1779969258634,NEUTRAL,0.27901962,0.40541804,0.07983775,0.6297643,0.53718793,0.47868568,1.097843,0.10045746,2.5,-2.9159546,-0.927124,0.05529785,0.04473877,1.0021362,0,0,0,0,"Neutral — sin seguimiento",4,"Panel de Evacuación","Aventura Espacial",BlinkClenchModule,0
1779969258884,NEUTRAL,0.27820647,0.39296007,0.09035778,0.6297643,0.53718793,0.47868568,1.097843,0.10045746,1.5,-2.6168823,-0.6430054,0.05230713,0.050476074,1.0053711,0,0,0,0,"Neutral — sin seguimiento",4,"Panel de Evacuación","Aventura Espacial",BlinkClenchModule,0
1779969259134,NEUTRAL,0.2846228,0.38457268,0.09035778,0.38818675,0.34278765,0.20196879,0.9289949,-0.13341583,1.5,-2.5645447,-0.5532837,0.051635742,0.044128418,1.0078125,0,0,0,0,"Neutral — sin seguimiento",4,"Panel de Evacuación","Aventura Espacial",BlinkClenchModule,1
1779969259384,NEUTRAL,0.2898874,0.38581413,0.0812856,0.46968803,0.28331003,0.18747513,0.75338876,-0.19436978,2.0,-2.4299622,-0.24673462,0.058410645,0.048828125,1.0081177,0,0,0,0,"Neutral — sin seguimiento",4,"Panel de Evacuación","Aventura Espacial",BlinkClenchModule,1
1779969259634,NEUTRAL,0.29114422,0.3944793,0.07167648,0.5484505,0.2811342,0.17861778,0.7178525,-0.21382324,2.0,-2.3477173,0.1121521,0.056884766,0.04663086,1.0114136,0,0,0,0,"Neutral — sin seguimiento",4,"Panel de Evacuación","Aventura Espacial",BlinkClenchModule,1
1779969259885,NEUTRAL,0.29110467,0.4057155,0.06207571,0.55754215,0.27678072,0.1692389,0.689624,-0.21475936,2.0,-2.0635986,0.052337646,0.043518066,0.044677734,1.0093384,0,0,0,0,"Neutral — sin seguimiento",4,"Panel de Evacuación","Aventura Espacial",BlinkClenchModule,1
1779969260134,CALM,0.28991687,0.41970018,0.052263886,0.5676416,0.27637336,0.16803148,0.67221785,-0.20398402,1.5,-0.94955444,7.9927063,0.058410645,0.035827637,1.0275269,0,0,0,0,"Estado relajado — listo para interactuar",4,"Panel de Evacuación","Aventura Espacial",BlinkClenchModule,1
1779969260384,CALM,0.28904492,0.43423364,0.042080127,0.5599874,0.2840951,0.16514796,0.6582134,-0.18950936,1.5,-4.493561,-0.38879395,0.05126953,-0.09637451,0.97387695,0,0,0,0,"Estado relajado — listo para interactuar",4,"Panel de Evacuación","Aventura Espacial",BlinkClenchModule,1
1779969260634,CALM,0.2872058,0.4509295,0.031560093,0.57397395,0.2856376,0.1735796,0.6995227,-0.18759896,1.5,-1.3832092,-5.682373,0.061401367,-0.032226562,1.0085449,0,0,0,0,"Estado relajado — listo para interactuar",4,"Panel de Evacuación","Aventura Espacial",BlinkClenchModule,1
1779969260884,CALM,0.2839364,0.46946877,0.021040063,0.61239994,0.2853041,0.18824235,0.7324747,-0.18712385,1.5,-0.93460083,-0.41870117,0.054504395,0.018737793,1.0168457,0,0,0,0,"Estado relajado — listo para interactuar",4,"Panel de Evacuación","Aventura Espacial",BlinkClenchModule,1
1779969261134,CALM,0.28025195,0.4882605,0.010520032,0.62032604,0.28407833,0.1975983,0.78262675,-0.1825042,1.5,-3.8804626,0.23925781,0.045837402,0.026000977,1.0061646,0,0,0,0,"Estado relajado — listo para interactuar",4,"Panel de Evacuación","Aventura Espacial",BlinkClenchModule,1
1779969261384,CALM,0.27829367,0.5043489,0.0,0.5760379,0.2908506,0.19563451,0.80264574,-0.19020413,1.5,-1.7645264,-0.61309814,0.053833008,0.025024414,1.0073853,0,0,0,0,"Estado relajado — listo para interactuar",4,"Panel de Evacuación","Aventura Espacial",BlinkClenchModule,1
1779969261636,CALM,0.26994583,0.5174764,0.0,0.5942703,0.30618295,0.19250214,0.80291104,-0.19957235,1.5,-1.4804077,-1.1663818,0.048461914,0.020568848,1.0037231,0,0,0,0,"Estado relajado — listo para interactuar",4,"Panel de Evacuación","Aventura Espacial",BlinkClenchModule,1
1779969261884,CALM,0.26669943,0.52373093,0.0,0.59733135,0.3057923,0.20167677,0.8025957,-0.23023921,1.5,-2.9608154,-1.5776062,0.033691406,0.013549805,1.0028687,0,0,0,0,"Estado relajado — listo para interactuar",4,"Panel de Evacuación","Aventura Espacial",BlinkClenchModule,1
1779969262134,CALM,0.2655472,0.5253925,0.0,0.59868383,0.29879004,0.20456775,0.8053324,-0.25197595,1.5,-2.086029,-0.19439697,0.04156494,0.017944336,1.0081787,1,0,0,0,"Estado relajado — listo para interactuar",4,"Panel de Evacuación","Aventura Espacial",BlinkClenchModule,1
1779969262384,CALM,0.26418713,0.5272365,0.0,0.59890306,0.28057393,0.18534008,0.8085053,-0.26825824,1.5,-2.4299622,-0.38879395,0.04309082,0.020629883,1.0047607,0,0,0,0,"Estado relajado — listo para interactuar",4,"Panel de Evacuación","Aventura Espacial",BlinkClenchModule,1
1779969262634,CALM,0.26233396,0.5282042,0.0,0.59183943,0.2614687,0.20232743,0.7789186,-0.27917725,1.5,-2.586975,-0.16448975,0.04626465,0.01928711,1.0166016,0,0,0,0,"Estado relajado — listo para interactuar",4,"Panel de Evacuación","Aventura Espacial",BlinkClenchModule,1
1779969262885,CALM,0.26098296,0.5265237,0.0,0.53563243,0.25213102,0.21410112,0.756101,-0.26781148,1.5,-1.973877,-0.29159546,0.04144287,0.022094727,1.0088501,0,0,0,0,"Estado relajado — listo para interactuar",4,"Panel de Evacuación","Aventura Espacial",BlinkClenchModule,1
1779969263135,CALM,0.26057428,0.52392113,0.0,0.5172487,0.24444212,0.19775717,0.7546052,-0.2498585,1.5,-2.3701477,-0.97198486,0.044006348,0.02709961,1.0074463,0,0,0,0,"Estado relajado — listo para interactuar",4,"Panel de Evacuación","Aventura Espacial",BlinkClenchModule,1
1779969263384,CALM,0.26268095,0.5180633,0.0,0.48683777,0.24397358,0.18578543,0.740517,-0.23464006,1.5,-2.7888489,-0.84487915,0.041809082,0.024230957,1.0095215,0,0,0,0,"Estado relajado — listo para interactuar",4,"Panel de Evacuación","Aventura Espacial",BlinkClenchModule,0
1779969263634,CALM,0.2662273,0.5105372,0.0,0.4588215,0.24471939,0.17768171,0.7068306,-0.23219454,1.5,-2.512207,-0.61309814,0.043273926,0.020751953,1.0070801,0,0,0,0,"Estado relajado — listo para interactuar",4,"Panel de Evacuación","Aventura Espacial",BlinkClenchModule,0
1779969263884,CALM,0.26945013,0.504236,0.0,0.42798048,0.24858339,0.16210489,0.6429536,-0.22126295,1.5,-3.5813904,-1.0617065,0.04449463,0.023254395,1.0050049,1,0,0,0,"Estado relajado — listo para interactuar",4,"Panel de Evacuación","Aventura Espacial",BlinkClenchModule,1
1779969264134,CALM,0.2743152,0.49606276,0.0,0.40113157,0.25890702,0.13741533,0.6018322,-0.20922214,1.5,-1.7271423,-0.6729126,0.0501709,0.01940918,1.0100708,0,0,0,0,"Estado relajado — listo para interactuar",4,"Panel de Evacuación","Aventura Espacial",BlinkClenchModule,1
1779969264384,CALM,0.2836174,0.48297042,0.0,0.30544725,0.26888976,0.107010245,0.5851242,-0.20080721,1.5,-3.058014,-0.6729126,0.03753662,0.0178833,1.0078735,1,0,0,0,"Estado relajado — listo para interactuar",4,"Panel de Evacuación","Aventura Espacial",BlinkClenchModule,1
1779969264634,CALM,0.29342535,0.46770594,0.0,0.26724204,0.25412643,0.12186782,0.60906297,-0.20247443,1.5,-2.4449158,-0.3289795,0.047729492,0.02178955,1.008667,0,0,0,0,"Estado relajado — listo para interactuar",4,"Panel de Evacuación","Aventura Espacial",BlinkClenchModule,1
1779969264884,CALM,0.3033004,0.44898012,0.0,0.22143081,0.23085137,0.149367,0.6725117,-0.22813949,1.5,-2.280426,-0.17196655,0.04107666,0.024963379,1.0090332,1,0,0,0,"Estado relajado — listo para interactuar",4,"Panel de Evacuación","Aventura Espacial",BlinkClenchModule,1
1779969265134,CALM,0.31384435,0.42989263,0.0,0.20995846,0.22522822,0.15675497,0.69935584,-0.22960025,1.5,-2.2206116,-0.5607605,0.040100098,0.018066406,1.0065918,0,0,0,0,"Estado relajado — listo para interactuar",4,"Panel de Evacuación","Aventura Espacial",BlinkClenchModule,1
1779969265385,CALM,0.3232488,0.4140719,0.0,0.20995846,0.22522822,0.15675497,0.69935584,-0.22960025,1.5,-2.280426,-0.16448975,0.04272461,0.023498535,1.0109253,1,0,0,0,"Estado relajado — listo para interactuar",4,"Panel de Evacuación","Aventura Espacial",BlinkClenchModule,1
1779969265634,NEUTRAL,0.33220553,0.3986298,0.0,0.20995846,0.22522822,0.15675497,0.69935584,-0.22960025,1.5,-2.4822998,-0.6803894,0.035949707,0.02130127,1.0081787,0,0,0,0,"Neutral — sin seguimiento",4,"Panel de Evacuación","Aventura Espacial",BlinkClenchModule,1
1779969265884,NEUTRAL,0.34115654,0.3868317,0.0,0.30464992,0.30551305,0.17374355,0.5932646,-0.28466067,1.5,-2.2131348,-1.5776062,0.04638672,0.01977539,1.015686,0,0,0,0,"Neutral — sin seguimiento",4,"Panel de Evacuación","Aventura Espacial",BlinkClenchModule,1
1779969266134,NEUTRAL,0.34697336,0.37924924,0.0,0.35570726,0.2986269,0.18142533,0.62870926,-0.27790153,1.5,-2.5421143,-0.04486084,0.031188965,0.020812988,1.0074463,1,0,0,0,"Neutral — sin seguimiento",4,"Panel de Evacuación","Aventura Espacial",BlinkClenchModule,1
1779969266384,NEUTRAL,0.3501127,0.3743806,0.0,0.38017988,0.29326725,0.19309852,0.61546963,-0.26575947,1.5,-2.826233,-0.41870117,0.031799316,0.018859863,1.0149536,0,0,0,0,"Neutral — sin seguimiento",4,"Panel de Evacuación","Aventura Espacial",BlinkClenchModule,1
1779969266634,NEUTRAL,0.3507513,0.37294436,0.0,0.4327212,0.31349453,0.19754168,0.65446115,-0.25027952,1.5,-2.901001,-0.8822632,0.041809082,0.017150879,1.0065308,0,0,0,0,"Neutral — sin seguimiento",4,"Panel de Evacuación","Aventura Espacial",BlinkClenchModule,1
1779969266884,NEUTRAL,0.34754294,0.376577,0.0,0.44039366,0.32480377,0.19595566,0.75276285,-0.2383066,1.5,-2.400055,-0.30654907,0.052734375,0.019714355,1.0144043,0,0,0,0,"Neutral — sin seguimiento",4,"Panel de Evacuación","Aventura Espacial",BlinkClenchModule,1
1779969267134,NEUTRAL,0.34354502,0.3831714,0.0,0.45584515,0.32097614,0.19511849,0.80265605,-0.23414642,1.5,-3.3047485,-0.49346924,0.038085938,0.021362305,1.0098877,0,0,0,0,"Neutral — sin seguimiento",4,"Panel de Evacuación","Aventura Espacial",BlinkClenchModule,1
1779969267389,NEUTRAL,0.33790848,0.39356774,0.0,0.48442107,0.3056618,0.22264531,0.8146364,-0.20710187,1.5,-2.0561218,-0.07476807,0.039001465,0.021911621,1.0117188,0,0,0,0,"Neutral — sin seguimiento",4,"Panel de Evacuación","Aventura Espacial",BlinkClenchModule,1
1779969267634,NEUTRAL,0.3315944,0.40548953,0.0,0.50368804,0.30406713,0.23183423,0.81453526,-0.19607809,1.5,-2.3402405,-0.7775879,0.03656006,0.02166748,1.0089722,0,0,0,0,"Neutral — sin seguimiento",4,"Panel de Evacuación","Aventura Espacial",BlinkClenchModule,1
1779969267884,CALM,0.32486358,0.4174806,0.0,0.5211873,0.31466216,0.25475276,0.8350014,-0.16212848,1.5,-2.3701477,-0.5906677,0.04321289,0.020568848,1.005249,1,0,0,0,"Neutral — sin seguimiento",4,"Panel de Evacuación","Aventura Espacial",BlinkClenchModule,1
1779969268134,CALM,0.31742287,0.42902935,0.0,0.501082,0.2878678,0.25836536,0.8425051,-0.15742292,1.5,-2.8710938,-0.3439331,0.03765869,0.026123047,1.0112915,0,0,0,0,"Neutral — sin seguimiento",4,"Panel de Evacuación","Aventura Espacial",BlinkClenchModule,1
1779969268384,CALM,0.3075809,0.43883124,0.0,0.49745545,0.2586796,0.26382,0.8188876,-0.16908401,1.5,-3.401947,-1.0093689,0.042907715,0.027038574,1.0073242,0,0,0,0,"Neutral — sin seguimiento",4,"Panel de Evacuación","Aventura Espacial",BlinkClenchModule,1
1779969268634,CALM,0.2990622,0.4451928,0.0,0.5018508,0.25614747,0.29661512,0.8063332,-0.14059286,1.5,-2.123413,-0.9046936,0.04876709,0.02746582,1.0108032,0,1,0,0,"Neutral — sin seguimiento",4,"Panel de Evacuación","Aventura Espacial",BlinkClenchModule,1
1779969268885,CALM,0.292498,0.44891936,0.0,0.4843327,0.2634016,0.30348003,0.80999154,-0.13380794,1.5,-4.142151,-0.5757141,0.048950195,0.024597168,1.0081787,0,1,0,0,"Neutral — sin seguimiento",4,"Panel de Evacuación","Aventura Espacial",BlinkClenchModule,1
1779969269134,CALM,0.28758222,0.44850758,0.0,0.45150346,0.265145,0.30489993,0.8295253,-0.13702558,1.5,-1.5776062,-0.85983276,0.051696777,0.021606445,1.0043945,0,1,0,0,"Neutral — sin seguimiento",4,"Panel de Evacuación","Aventura Espacial",BlinkClenchModule,1
1779969269384,CALM,0.28222287,0.44754592,0.0,0.41834196,0.23515524,0.2838753,0.84662825,-0.16669601,2.0,-2.1757507,-1.3458252,0.052246094,0.018554688,1.0082397,0,1,0,0,"Neutral — sin seguimiento",4,"Panel de Evacuación","Aventura Espacial",BlinkClenchModule,1
1779969269634,CALM,0.2787122,0.4434722,0.0,0.37286535,0.23010932,0.27357286,0.85749257,-0.17312787,2.0,-1.9140625,-0.5308533,0.04510498,0.023132324,1.0149536,0,0,0,0,"Neutral — sin seguimiento",4,"Panel de Evacuación","Aventura Espacial",BlinkClenchModule,1
1779969269884,CALM,0.28118584,0.43928498,0.0,0.40518177,0.30301988,0.2146307,0.956629,-0.11616035,1.5,-1.9364929,-0.39627075,0.04937744,0.023010254,1.0072021,0,0,0,0,"Neutral — sin seguimiento",4,"Panel de Evacuación","Aventura Espacial",BlinkClenchModule,1
1779969270134,CALM,0.28523353,0.43488395,0.0,0.4116215,0.31197968,0.18945362,0.9755471,-0.13991936,1.5,-0.8673096,-0.8074951,0.03491211,0.012451172,1.0081787,0,0,0,0,"Neutral — sin seguimiento",4,"Panel de Evacuación","Aventura Espacial",BlinkClenchModule,1
1779969270384,CALM,0.28740054,0.431798,0.0,0.44412032,0.29917163,0.22334416,0.9605754,-0.1431109,1.5,-1.9514465,2.7514648,0.06060791,0.013671875,1.0270386,0,0,0,0,"Neutral — sin seguimiento",4,"Panel de Evacuación","Aventura Espacial",BlinkClenchModule,1
1779969270635,CALM,0.28769672,0.43388823,0.0,0.49454516,0.26651138,0.19094118,0.98280346,-0.17139216,1.5,-0.15701294,9.869385,-0.013977051,0.0847168,0.9897461,0,0,0,0,"Estado relajado — listo para interactuar",4,"Panel de Evacuación","Aventura Espacial",BlinkClenchModule,1
1779969270884,CALM,0.29007438,0.43611982,0.0,0.4993516,0.27716452,0.16403781,0.93540937,-0.18166989,1.5,-5.136566,8.747864,-0.034301758,0.09057617,1.0050049,0,0,0,0,"Estado relajado — listo para interactuar",4,"Panel de Evacuación","Aventura Espacial",BlinkClenchModule,1
1779969271135,CALM,0.29168758,0.43790567,0.0,0.5147934,0.27864313,0.23762478,0.9875517,-0.18104488,1.5,-3.1776428,-2.4299622,0.030639648,0.04144287,1.0293579,1,0,0,0,"Estado relajado — listo para interactuar",4,"Panel de Evacuación","Aventura Espacial",BlinkClenchModule,1
1779969271385,CALM,0.2896485,0.43961108,0.0,0.5523556,0.2803546,0.36001462,1.0593098,-0.19211641,1.5,-4.1870117,2.362671,0.0025024414,-0.034118652,0.9831543,0,0,0,0,"Estado relajado — listo para interactuar",4,"Panel de Evacuación","Aventura Espacial",BlinkClenchModule,1
1779969271634,CALM,0.28659526,0.4421862,0.0,0.5498763,0.28680432,0.38442874,1.0935037,-0.20036802,1.5,-14.295654,5.5029297,0.029785156,0.010803223,1.0025024,0,0,0,0,"Estado relajado — listo para interactuar",4,"Panel de Evacuación","Aventura Espacial",BlinkClenchModule,1
1779969271885,CALM,0.28294146,0.44595283,0.0,0.570616,0.28795746,0.3971212,1.1388642,-0.21526791,1.5,-0.695343,-5.794525,0.027282715,0.07873535,1.0036011,0,0,0,0,"Estado relajado — listo para interactuar",4,"Panel de Evacuación","Aventura Espacial",BlinkClenchModule,0
1779969272134,CALM,0.27739328,0.45212162,0.0,0.57967883,0.28067628,0.40913254,1.173983,-0.23549178,1.5,0.41122437,-2.0037842,0.04449463,0.06744385,1.0025635,0,0,0,0,"Estado relajado — listo para interactuar",4,"Panel de Evacuación","Aventura Espacial",BlinkClenchModule,0
